,name,mass,radius,orbper
0,11 UMi b,11.0873,,516.22
1,14 And b,4.684,,185.84
2,14 Her b,5.215,,1763.3
3,14 Her c,6.9,,52596.0
4,16 Cyg B b,1.64,,799.5
5,17 Sco b,4.32,,578.38
6,18 Del b,10.3,,993.3
7,24 Boo b,0.91,,30.3506
8,24 Sex b,1.84,,452.8
9,24 Sex c,1.52,,883.0
10,2M 0441+23 b,7.5,,
11,2M 1252+2735 b,6.88,,35.08
12,2M 1253+2734 b,8.3,,24.31
13,2M 1258+2630 b,3.4,,11.88
14,2M 2236+4751 b,12.5,,
15,2M0437 b,4.0,,
16,2M1207 b,5.0,,
17,2MASS J0030-1450,10.0,1.36,
18,2MASS J0249-0557 (AB) c,11.6,,
19,2MASS J0459-2853,8.0,1.32,
20,2MASS J0642+4101,12.0,1.23,
21,2MASS J0718-6415,3.0,1.29,
22,2MASS J1119-1137 b,3.7,,32850.0
23,2MASS J1155-7919 b,10.0,,
24,2MASS J2117-2940,7.0,1.38,
25,2MASS J2206+3301,8.0,1.3,
26,2MASSW J2208136+292121,10.0,,
27,38 Vir b,4.51,,825.9
28,4 Uma b,7.1,,269.3
29,44 Uma b,12.11,,785.74
30,47 Uma b,2.53,,1078.0
31,47 Uma c,0.54,,2391.0
32,47 Uma d,1.64,,14002.0
33,51 Eri b,2.6,1.11,10260.0
34,51 Peg b,0.46,1.9,4.2308
35,55 Cnc b,0.84,,14.65314
36,55 Cnc c,0.1784,,44.373
37,55 Cnc d,3.84,,5574.2
38,55 Cnc e,0.02703,0.1737,0.7365478
39,55 Cnc f,0.1479,,260.91
40,6 Lyn b,2.01,,934.3
41,61 Vir b,0.016,,4.215
42,61 Vir c,0.0573,,38.021
43,61 Vir d,0.072,,123.01
44,7 CMA c,0.906,,988.9
45,7 CMa b,1.895,,736.9
46,70 Vir b,6.6,,116.67
47,75 Cet b,3.0,,691.9
48,8 Umi b,1.5,,93.4
49,81 Cet b,5.3,,952.7
50,91 Aqr b,3.2,,181.4
51,AB Aur b,9.0,,
52,AU Mic b,0.0368,0.3908,8.463
53,AU Mic c,0.0698,0.3131,18.859019
54,BD+03 2562 b,6.4,,481.9
55,BD+14 4559 b,1.47,,268.94
56,BD+15 2375 b,1.06,,153.22
57,BD+15 2940 b,1.11,,137.48
58,BD+20 2457 c,12.47,,621.99
59,BD+20 274 b,4.2,,578.2
60,BD+20 594 b,0.0513,0.23,41.6855
61,BD+45 564 b,1.36,,307.88
62,BD+48 738 b,0.91,,392.6
63,BD+48 740 b,1.7,,733.0
64,BD+49 828 b,1.6,,2590.0
65,BD+55 362 b,0.72,,265.59
66,BD+63 1405 b,3.96,,1198.48
67,BD-06 1339 c,0.17,,125.94
68,BD-06 1339 d,0.0582,,487.0
69,BD-08 2823 b,0.045,,5.6
70,BD-08 2823 c,0.33,,237.6
71,BD-10 3166 b,0.46,1.03,3.4878
72,BD-11 4672 b,0.65,,1634.0
73,BD-11 4672 c,0.04836,,74.2
74,BD-17 63 b,5.1,,655.6
75,BLG-1691L b,0.046,,
76,CD Cet b,0.01243,,2.2907
77,CFBD 1458 B,10.5,,
78,CHXR 73 b,12.0,,
79,CI Tau b,11.6,,8.9891
80,COCONUTS-2 b,6.4,1.12,
81,CWISEP J144606.62-231717.8,11.0,,
82,CWISEP J1935-1546,11.0,,
83,CoRoT-1 b,1.03,1.49,1.50896848
84,CoRoT-10 b,2.75,0.97,13.2406
85,CoRoT-11 b,2.33,1.43,2.994325
86,CoRoT-12 b,0.917,1.44,2.8280517
87,CoRoT-13 b,1.308,0.885,4.0350906
88,CoRoT-14 b,7.6,1.09,1.51214
89,CoRoT-16 b,0.535,1.17,5.35227
90,CoRoT-17 b,2.43,1.02,3.768125
91,CoRoT-18 b,3.47,1.31,1.90009057
92,CoRoT-19 b,1.11,1.29,3.8971372
93,CoRoT-2 b,3.31,1.465,1.7429964
94,CoRoT-20 b,4.24,0.84,9.2431839
95,CoRoT-21 b,2.26,1.3,2.72474
96,CoRoT-22 b,0.06,0.4354,9.75598
97,CoRoT-23 b,2.8,1.08,3.6314
98,CoRoT-24 b,0.018,0.33,5.1134
99,CoRoT-24 c,0.088,0.44,11.759
100,CoRoT-25 b,0.27,1.08,4.86069
101,CoRoT-26 b,0.52,1.26,4.20474
102,CoRoT-27 b,10.39,1.007,3.57532
103,CoRoT-28 b,0.484,0.955,5.20851
104,CoRoT-29 b,0.85,0.9,2.85057
105,CoRoT-30 b,2.9,1.009,9.06005
106,CoRoT-31 b,0.84,1.46,4.62941
107,CoRoT-32 b,0.15,0.57,6.71837
108,CoRoT-35 b,1.1,1.68,3.22748
109,CoRoT-36 b,0.68,1.41,5.616531
110,CoRoT-4 b,0.72,1.19,9.20166201
111,CoRoT-5 b,0.467,1.33,4.0379148
112,CoRoT-6 b,2.96,1.166,8.886593
113,CoRoT-7 b,0.041812,0.136,0.8535
114,CoRoT-7 c,0.041812,,3.697
115,CoRoT-8 b,0.2158,0.5692,6.21229
116,CoRoT-9 b,0.84,0.94,95.273804
117,DANCe J15454024-2422072,8.0,,
118,DANCe J15481655-2307430,12.0,,
119,DANCe J15582895-2530319,7.0,,
120,DANCe J16041234-2127472,10.0,,
121,DANCe J16053908-2403330,11.0,,
122,DANCe J16064467-2033428,12.0,,
123,DANCe J16064553-2121595,10.0,,
124,DANCe J16081299-2304316,4.0,,
125,DANCe J16091010-1930376,8.0,,
126,DANCe J16134589-2442310,10.0,,
127,DANCe J16135217-2443562,10.0,,
128,DANCe J16140756-2211524,11.0,,
129,DANCe J16255679-2113354,12.0,,
130,DANCe J16393029-2454135,11.0,,
131,DE CVn b,11.0,,4098.1
132,DH Tau b,11.0,,
133,DP Leo (AB) b,6.05,,10230.0
134,DS Tuc A b,0.0453,0.5085,8.138268
135,DW Lyn b,5.58,,1450.0
136,DW Uma b,10.06,,4967.0
137,EPIC 201295312 b,0.0378,0.245,5.65639
138,EPIC 205084841 b,0.3883,1.561,11.310099
139,EPIC 211442297 b,0.84,1.115,20.273034
140,EPIC 211945201 b,0.085,0.514,19.49221
141,EPIC 212737443 b,0.02907,0.231,13.603
142,EPIC 212737443 c,0.0303,0.24,65.55
143,EPIC 246193072 b,0.26,0.774,12.4551225
144,EPIC 246851721 b,3.0,1.051,6.180235
145,Exomoon Kepler-1708 b-i,0.116,0.2329,4.6
146,FL Lyr b,9.0,,4400.0
147,Fomalhaut b,0.208,,320000.0
148,G 264-012 b,0.0079,,2.30538
149,G 264-012 c,0.0118,,8.0518
150,G 9-40 b,0.013,0.17,5.7459982
151,GJ 1061 b,0.00453,,3.204
152,GJ 1061 c,0.00547,,6.689
153,GJ 1061 d,0.00494,,12.434
154,GJ 1132 b,0.00522,0.1035,1.628931
155,GJ 1132 c,0.00831,,8.929
156,GJ 1214 b,0.02571,0.24463,1.580404497
157,GJ 1252 b,0.00415,0.1053,0.5182349
158,GJ 1265 b,0.0233,,3.6511
159,GJ 143 b,0.0714,0.2329,35.61253
160,GJ 143 c,0.01164,0.07958,7.78993
161,GJ 15A b,0.00953,,11.4407
162,GJ 15A c,0.113,,7555.0
163,GJ 160.2 b,0.0245,,9.7471
164,GJ 163 b,0.0311,,8.6312
165,GJ 163 c,0.0239,,25.637
166,GJ 163 d,0.0636,,604.0
167,GJ 163 e,0.0428,,349.0
168,GJ 163 f,0.0214,,109.5
169,GJ 176 b,0.025,,8.7748
170,GJ 176 c,0.0233,,28.586
171,GJ 179 b,0.7391,,2288.0
172,GJ 179 c,0.0154,,3.4798
173,GJ 180 b,0.02124,,17.132
174,GJ 180 c,0.0201365509864,,24.329
175,GJ 180 d,0.02357,,106.341
176,GJ 2030 b,0.014,,
177,GJ 2030 c,12.934,,25635.0
178,GJ 2056 b,0.051,,69.971
179,GJ 2056 c,0.4443,,2982.394
180,GJ 221 e,0.0104,,2.3946
181,GJ 229 A b,0.03153,,523.242
182,GJ 229 A c,0.02495,,122.005
183,GJ 229 B,1.61971,,52890.0
184,GJ 251 b,0.013,,14.238
185,GJ 27.1 b,0.0409023691911,,15.819
186,GJ 273 b,0.0069,,18.64
187,GJ 273 c,0.0038,,4.72322
188,GJ 273 d,0.034,,413.9
189,GJ 273 e,0.0293,,542.0
190,GJ 3021 b,3.37,,133.71
191,GJ 3082 b,0.02759,,11.942
192,GJ 3090 b,0.01051,0.19,2.8531054
193,GJ 3138 b,0.0132,,5.974
194,GJ 3138 c,0.0056,,1.22003
195,GJ 3138 d,0.033,,257.8
196,GJ 317 b,1.7528,,695.66
197,GJ 317 c,1.644,,6739.323
198,GJ 328 b,2.3,,4100.0
199,GJ 3293 b,0.07406,,30.5987
200,GJ 3293 c,0.06636,,122.6196
201,GJ 3293 d,0.024,,48.1345
202,GJ 3293 e,0.0103,,13.2543
203,GJ 3323 b,0.00636,,5.3636
204,GJ 3323 c,0.00727,,40.54
205,GJ 3341 b,0.35717,,14.207
206,GJ 3470 b,0.03958,0.37380742940036,3.336649
207,GJ 3473 b,0.00585,0.11277,1.1980035
208,GJ 3473 c,0.0214,,15.509
209,GJ 3512 b,0.46,,203.69
210,GJ 3512 c,0.2,,1599.6
211,GJ 357 b,0.006566,0.10411,3.93086
212,GJ 357 c,0.01158,,9.1246
213,GJ 357 d,0.0227,,55.698
214,GJ 3634 b,0.022,,2.64561
215,GJ 367  b,0.00047,0.0526,0.3219659
216,GJ 3779 b,0.0252,,3.0232
217,GJ 3929 b,0.00381,0.1026,2.6162745
218,GJ 3929 c,0.01658,,14.303
219,GJ 393 b,0.00538,,7.02679
220,GJ 3942 b,0.0225,,6.905
221,GJ 3998 b,0.00777,,2.64977
222,GJ 3998 c,0.0197,,13.74
223,GJ 414 A b,0.02762,0.2632,50.817
224,GJ 414 A c,0.17705,0.7833,748.3
225,GJ 422 b,0.03285,,20.129
226,GJ 4276 b,0.0481,,13.35
227,GJ 4276 c,0.0135,,6.675
228,GJ 433 b,0.01869,,7.3708
229,GJ 433 c,0.09055,,4874.0
230,GJ 433 d,4.94,,36.052
231,GJ 436 b,0.07,0.38,2.64394
232,GJ 480 b,0.0415,,9.567
233,GJ 486 b,0.00887,0.11643,1.467119
234,GJ 504 b,4.0,0.96,
235,GJ 536 b,0.0169,,8.7076
236,GJ 581 b,0.04782,,5.368
237,GJ 581 c,0.017783,,12.919
238,GJ 581 e,0.005214,,3.153
239,GJ 625 b,0.0095,,14.638
240,GJ 649 b,0.328,,598.3
241,GJ 649 c,0.03,,4.4762
242,GJ 667 C b,0.0176,,7.2004
243,GJ 667 C c,0.012,,28.14
244,GJ 667 C e,0.0085,,62.24
245,GJ 667 C f,0.0085,,39.026
246,GJ 667 C g,0.0145,,256.2
247,GJ 674 b,0.04,1.13,4.6944
248,GJ 676 A b,4.733,,1052.1
249,GJ 676 A c,6.8,,7337.0
250,GJ 676 A d,0.014,,3.6
251,GJ 676 A e,0.036,,35.37
252,GJ 682 b,0.0138438788031,,17.478
253,GJ 682 c,0.027365121,,57.32
254,GJ 685 b,0.0283,,24.16
255,GJ 687 b,0.0541,,38.142
256,GJ 687 c,0.05,,727.562
257,GJ 720A b,0.04292,,19.47
258,GJ 740 b,0.00931,,2.37756
259,GJ 752 A b,0.0384,,105.9
260,GJ 785 b,0.0532,,74.72
261,GJ 785 c,0.076,,525.8
262,GJ 832 b,0.689,,3660.0
263,GJ 832 c,0.017009,,35.68
264,GJ 849 b,0.9,,1914.0
265,GJ 849 c,0.77,,7049.0
266,GJ 86 b,4.27,,15.766
267,GJ 876 b,3.6,,61.03474
268,GJ 876 c,0.698,,30.126
269,GJ 876 d,0.021741,,1.938
270,GJ 876 e,0.04855,,124.4
271,GJ 887 b,0.0132,,9.252
272,GJ 887 c,0.0239,,21.789
273,GJ 896A b,2.26,,
274,GJ 9066 b,0.0972,,241.883
275,GJ 9066 c,0.23,,772.05
276,GJ 96 b,0.06186,,73.94
277,GJ 9689 b,0.03036,,18.27
278,GJ 9827 b,0.01532,0.13641,1.2089765
279,GJ 9827 c,0.00604,0.107,3.648086
280,GJ 9827 d,0.01076,0.17441,6.20183
281,GQ Lup b,0.013,1.8,
282,GU Psc b,11.0,1.35,
283,Gaia-1 b,1.68,1.229,3.042524
284,Gaia-2 b,0.773,1.327,3.6915237
285,Gl 378 b,0.04097,,3.822
286,Gl 514 b,0.0164,,140.43
287,Gl 686 b,0.02029,,15.53
288,Gliese 49 b,0.01771,,13.8508
289,HAT-P-1 b,0.525,1.319,4.46529976
290,HAT-P-10 A b,0.46,1.045,3.722469
291,HAT-P-11 b,0.0736,0.389,4.887802443
292,HAT-P-11 c,1.595,,3397.0
293,HAT-P-12 b,0.210489884529,0.949,3.2130598
294,HAT-P-13 b,0.85,1.28,2.916243
295,HAT-P-14 b,2.444,1.01,4.627686
296,HAT-P-15 b,1.946,1.072,10.863502
297,HAT-P-16 b,4.193,1.289,2.77596
298,HAT-P-17 b,0.534,1.01,10.338523
299,HAT-P-17 c,1.4,,1798.0
300,HAT-P-18 b,0.183,0.947,5.508029
301,HAT-P-19 b,0.292,1.132,4.008784
302,HAT-P-2 b,8.74,0.951,5.6334729
303,HAT-P-20 b,7.246,0.867,2.875317
304,HAT-P-21 b,4.063,1.024,4.124461
305,HAT-P-22 b,2.147,1.08,3.21222
306,HAT-P-23 b,2.09,1.368,1.212884
307,HAT-P-24 b,0.685,1.242,3.35524
308,HAT-P-25 b,0.567,1.19,3.652836
309,HAT-P-26 b,0.0585,0.5647,4.234516
310,HAT-P-27 b,0.66,1.055,3.0395803
311,HAT-P-28 b,0.626,1.212,3.257215
312,HAT-P-29 b,0.778,1.107,5.723186
313,HAT-P-3 b,0.591,0.827,2.899703
314,HAT-P-30 b,0.711,1.34,2.810595
315,HAT-P-31 b,2.171,1.07,5.005425
316,HAT-P-32 b,0.75,1.789,2.15000825
317,HAT-P-33 b,0.763,1.827,3.474474
318,HAT-P-34 b,3.328,1.107,5.452654
319,HAT-P-35 b,1.054,1.332,3.646706
320,HAT-P-36 b,1.832,1.264,1.327347
321,HAT-P-37 b,1.169,1.178,2.797436
322,HAT-P-38 b,0.267,0.825,4.640382
323,HAT-P-39 b,0.599,1.571,3.54387
324,HAT-P-4 b,0.68,1.27,3.0565114
325,HAT-P-40 b,0.615,1.73,4.457243
326,HAT-P-41 b,0.8,1.685,2.694047
327,HAT-P-42 b,0.975,1.277,4.641876
328,HAT-P-43 b,0.66,1.283,3.332688
329,HAT-P-44 b,0.392,1.28,4.301217
330,HAT-P-44 c,1.6,,219.9
331,HAT-P-45 b,0.892,1.426,3.128992
332,HAT-P-46 b,0.493,1.284,4.463129
333,HAT-P-46 c,2.0,,77.7
334,HAT-P-47 b,0.206,1.313,4.732182
335,HAT-P-48 b,0.168,1.131,4.40865
336,HAT-P-49 b,1.73,1.413,2.691548
337,HAT-P-5 b,1.06,1.252,2.788491
338,HAT-P-50 b,1.35,1.288,3.1220109
339,HAT-P-51 b,0.309,1.293,4.2180278
340,HAT-P-52 b,0.818,1.009,2.7535953
341,HAT-P-53 b,1.484,1.318,1.9616241
342,HAT-P-54 b,0.76,0.944,3.799847
343,HAT-P-55 b,0.582,1.182,3.5852467
344,HAT-P-56 b,2.18,1.51,2.79083
345,HAT-P-57 b,1.85,1.413,2.465295
346,HAT-P-58 b,0.372,1.332,4.013837
347,HAT-P-59 b,1.54,1.123,4.1419771
348,HAT-P-6 b,1.057,1.33,3.853003
349,HAT-P-60 b,0.574,1.631,4.7947813
350,HAT-P-61 b,1.057,0.899,1.90231289
351,HAT-P-62 b,0.761,1.073,2.6453235
352,HAT-P-63 b,0.614,1.119,3.377728
353,HAT-P-64 b,0.58,1.703,4.007232
354,HAT-P-65 b,0.527,1.89,2.6054552
355,HAT-P-66 b,0.783,1.59,2.972086
356,HAT-P-67 b,0.34,2.085,4.81010205
357,HAT-P-68 b,0.724,1.072,2.29840551
358,HAT-P-69 b,3.58,1.676,4.7869491
359,HAT-P-7 b,1.741,1.431,2.204735471
360,HAT-P-70 b,6.78,1.87,2.74432452
361,HAT-P-8 b,1.34,1.5,3.0763402
362,HAT-P-9 b,0.67,1.4,3.922814
363,HATS-1 b,1.855,1.302,3.446459
364,HATS-10 b,0.526,0.969,3.312846
365,HATS-11 b,0.85,1.609,3.619188
366,HATS-12 b,2.38,0.692,3.142702
367,HATS-13 b,0.543,1.212,3.0440499
368,HATS-14 b,1.071,1.039,2.7667641
369,HATS-15 b,2.17,1.105,1.74748753
370,HATS-16 b,3.27,1.3,2.686502
371,HATS-17 b,1.338,0.777,16.254611
372,HATS-18 b,1.98,1.337,0.8378434
373,HATS-19 b,0.427,1.66,4.569673
374,HATS-2 b,1.345,1.168,1.354133
375,HATS-20 b,0.273,0.776,3.7992969
376,HATS-21 b,0.332,1.123,3.5543973
377,HATS-22 b,2.74,0.953,4.7228124
378,HATS-23 b,1.47,1.86,2.1605156
379,HATS-24 b,2.44,1.487,1.3484954
380,HATS-25 b,0.613,1.26,4.2986432
381,HATS-26 b,0.65,1.75,3.3023881
382,HATS-27 b,0.53,1.5,4.637038
383,HATS-28 b,0.672,1.194,3.1810781
384,HATS-29 b,0.653,1.251,4.6058749
385,HATS-3 b,1.071,1.381,3.547851
386,HATS-30 b,0.706,1.175,3.1743516
387,HATS-31 b,0.88,1.64,3.37796
388,HATS-32 b,0.92,1.249,2.8126548
389,HATS-33 b,1.192,1.23,2.5495551
390,HATS-34 b,0.941,1.43,2.1061607
391,HATS-35 b,1.222,1.464,1.8209933
392,HATS-36 b,2.79,1.153,4.175186
393,HATS-37A b,0.099,0.606,4.3315366
394,HATS-38 b,0.074,0.614,4.375021
395,HATS-39 b,0.63,1.57,4.5776348
396,HATS-4 b,1.323,1.02,2.516729
397,HATS-40 b,1.59,1.58,3.2642736
398,HATS-41 b,9.7,1.33,4.193649
399,HATS-42 b,1.88,1.4,2.292102
400,HATS-43 b,0.261,1.18,4.3888497
401,HATS-44 b,0.56,1.067,2.7439004
402,HATS-45 b,0.7,1.286,4.1876244
403,HATS-46 b,0.173,0.903,4.7423729
404,HATS-47 b,0.369,1.117,3.9228038
405,HATS-48A b,0.243,0.8,3.1316666
406,HATS-49 b,0.353,0.765,4.1480467
407,HATS-5 b,0.237,0.912,4.763387
408,HATS-50 b,0.39,1.13,3.8297015
409,HATS-51 b,0.768,1.41,3.3488702
410,HATS-52 b,2.24,1.382,1.3665436
411,HATS-53 b,0.595,1.34,3.8537768
412,HATS-54 b,0.76,1.067,2.5441828
413,HATS-55 b,0.921,1.251,
414,HATS-56 b,0.602,1.688,4.324799
415,HATS-57 b,3.147,1.13,2.350621
416,HATS-58A b,1.03,1.095,4.2180896
417,HATS-59 b,0.806,1.126,5.416081
418,HATS-59 c,12.7,,1422.0
419,HATS-6 b,0.319,0.998,3.3252725
420,HATS-60 b,0.662,1.153,3.560829
421,HATS-61 b,3.4,1.195,7.817953
422,HATS-62 b,0.179,1.055,3.2768837
423,HATS-63 b,0.96,1.207,3.0566527
424,HATS-64 b,0.96,1.679,4.908897
425,HATS-65 b,0.821,1.501,3.105161
426,HATS-66 b,5.33,1.411,3.1414391
427,HATS-67 b,1.45,1.685,1.6091788
428,HATS-68 b,1.29,1.2321,3.5862202
429,HATS-69 b,0.577,0.945,2.2252577
430,HATS-7 b,0.12,0.563,3.185315
431,HATS-70 b,12.9,1.384,1.8882378
432,HATS-71A b,0.45,1.08,3.7955213
433,HATS-72 b,0.1254,0.7224,7.3279474
434,HATS-74A b,1.46,1.032,1.73185606
435,HATS-75 b,0.491,0.884,2.7886556
436,HATS-76 b,2.629,1.079,1.9416423
437,HATS-77 b,1.374,1.165,3.0876262
438,HATS-8 b,0.138,0.873,3.583893
439,HATS-9 b,0.837,1.236,1.915291
440,HD 100655 b,1.7,,157.57
441,HD 100777 b,1.16,,383.7
442,HD 10180 c,0.041217,,5.75979
443,HD 10180 d,0.03696945,,16.3579
444,HD 10180 e,0.07897304,,49.745
445,HD 10180 f,0.07519743,,122.76
446,HD 10180 g,0.06733159,,601.2
447,HD 10180 h,0.202624,,2222.0
448,HD 101930 b,0.3,,70.46
449,HD 102117 b,0.172,,20.67
450,HD 102195 b,0.49,,4.114
451,HD 102272 b,5.9,,127.58
452,HD 102272 c,2.6,,520.0
453,HD 102329 b,5.9,,778.1
454,HD 102329 c,1.52,,1123.0
455,HD 102365 A b,0.05,,122.1
456,HD 102843 b,0.3584,,3090.9
457,HD 102956 b,0.96,,6.4947
458,HD 103197 b,0.098,,47.84
459,HD 103720 b,0.62,,4.5557
460,HD 103774 A b,0.367,,5.8881
461,HD 103891 b,1.44,,1919.0
462,HD 103949 b,0.0352,,120.878
463,HD 104067 b,0.186,,55.806
464,HD 10442 b,2.1,,1043.0
465,HD 104985 b,8.3,,199.505
466,HD 105779 b,0.64,,2412.0
467,HD 106252 b,7.56,,1600.0
468,HD 106270 b,11.0,,2890.0
469,HD 106315 b,0.03964,0.218,9.55237
470,HD 106315 c,0.04782,0.388,21.05704
471,HD 10647 b,0.93,,1003.0
472,HD 106515 A b,9.61,,3630.0
473,HD 106574 b,8.5,,1065.7
474,HD 106906 (AB) b,11.0,,
475,HD 10697 b,6.383,1.152,1075.69
476,HD 107148 b,0.21,,48.056
477,HD 107148 c,0.0626,,18.3267
478,HD 108147 b,0.261,,10.8985
479,HD 108341 A b,3.5,,1129.0
480,HD 108863 b,2.6,,443.4
481,HD 108874 b,1.36,,395.4
482,HD 108874 c,1.018,,1605.8
483,HD 109246 b,0.77,,68.27
484,HD 109271 b,0.054,,7.8543
485,HD 109271 c,0.076,,30.93
486,HD 109286 b,2.99,,520.1
487,HD 109749 b,0.28,0.99,5.23921
488,HD 10975 b,0.45,,283.8
489,HD 110014 b,11.09,,835.477
490,HD 110014 c,3.1,,130.0
491,HD 110113 b,0.01432,0.1829,2.541
492,HD 110113 c,0.033,,6.744
493,HD 111232 b,6.8,,1143.0
494,HD 111591 b,4.4,,1056.4
495,HD 11231 b,0.434,,5.2049
496,HD 112640 b,5.0,,613.2
497,HD 113337 b,3.1,,323.4
498,HD 113337 c,7.2,,3264.7
499,HD 113538 b,0.36,,663.2
500,HD 113538 c,0.93,,1818.0
501,HD 113996 b,6.3,,610.2
502,HD 114386 b,1.24,,937.0
503,HD 114386 c,1.19,,1046.0
504,HD 114613 b,0.357,1.182,4000.0
505,HD 114729 A b,0.84,,1135.0
506,HD 114783 b,1.1,,493.7
507,HD 114783 c,0.61,,4318.0
508,HD 11506 b,4.83,,1622.1
509,HD 11506 c,0.408,,223.41
510,HD 115594 b,8.29,,3700.0
511,HD 116029 A b,2.1,,670.2
512,HD 116029 A c,1.27,,907.0
513,HD 117207 b,2.06,,2627.08
514,HD 11755 b,6.5,,433.7
515,HD 117618 b,0.174,,25.8
516,HD 118203 b,2.173,1.133,6.13498
517,HD 118904 b,3.1,,676.7
518,HD 11964 b,0.622,,1945.0
519,HD 11964 c,0.079,,37.91
520,HD 11977 b,6.29,,711.0
521,HD 120084 b,4.5,,2082.0
522,HD 121504 b,1.22,,63.33
523,HD 124330 b,0.75,,270.66
524,HD 12484 b,2.98,,58.83
525,HD 125595 b,0.042,,9.6737
526,HD 125612 b,3.0,,502.0
527,HD 125612 c,0.058,,4.1547
528,HD 125612 d,7.2,,3008.0
529,HD 12648 b,2.9,,133.6
530,HD 126525 b,0.224,,948.12
531,HD 12661 b,2.3,,263.6
532,HD 12661 c,1.57,,1708.0
533,HD 126614 A b,0.38,,1244.0
534,HD 128311 b,2.18,,448.6
535,HD 128311 c,3.21,,919.0
536,HD 128356 b,0.89,,298.2
537,HD 129445 b,1.6,,1840.0
538,HD 130322 b,1.02,,10.72
539,HD 131496 b,2.2,,883.0
540,HD 13167 b,3.31,1.167,2613.0
541,HD 132406 b,5.61,,974.0
542,HD 132563 B b,1.49,,1544.0
543,HD 133131 A b,1.43,,649.0
544,HD 133131 A c,0.48,,3407.0
545,HD 133131 B b,2.5,,6119.0
546,HD 134060 b,0.0351,,3.27
547,HD 134060 c,0.1507,,1160.9
548,HD 134606 b,0.0292,,12.083
549,HD 134606 c,0.0382,,59.519
550,HD 134606 d,0.121,,459.26
551,HD 134987 b,1.59,,258.19
552,HD 134987 c,0.82,,5000.0
553,HD 136352 b,0.0166,0.13222,11.57779
554,HD 136352 c,0.0358,0.183854,27.5909
555,HD 136352 d,0.03,0.2284,107.63
556,HD 136418 b,2.0,,464.3
557,HD 136925 b,0.84,,4540.0
558,HD 137388 b,0.223,,330.0
559,HD 137496 b,0.01271,0.1169,1.62116
560,HD 137496 c,7.66,,479.9
561,HD 13808 b,0.03599,,14.1774
562,HD 13808 c,0.0315,,53.804
563,HD 13908 b,0.865,,19.382
564,HD 13908 c,5.13,,931.0
565,HD 13931 b,1.88,,4218.0
566,HD 139357 b,9.76,,1125.7
567,HD 1397 b,0.415,1.026,11.53533
568,HD 14067 b,7.8,,1455.0
569,HD 141399 b,0.451,,94.44
570,HD 141399 c,1.33,,201.99
571,HD 141399 d,1.18,,1069.8
572,HD 141399 e,0.66,,5000.0
573,HD 141937 b,9.7,,653.22
574,HD 142 A b,1.25,,349.7
575,HD 142 A c,5.3,,6005.0
576,HD 142022 A b,5.1,,1928.0
577,HD 142245 A b,1.9,,1299.0
578,HD 142415 b,1.62,,386.3
579,HD 143105 b,1.21,,2.1974
580,HD 143361 b,3.12,,1057.0
581,HD 143761 b,1.045,,39.8458
582,HD 143761 c,0.079,,102.54
583,HD 145377 b,5.76,,103.95
584,HD 145457 b,2.9,,176.3
585,HD 145934 b,2.28,,2730.0
586,HD 1461 b,0.0203,,5.7715
587,HD 1461 c,0.0176,,13.506
588,HD 147018 b,2.12,,44.236
589,HD 147018 c,6.56,,1008.0
590,HD 147379 b,0.0777,,86.54
591,HD 147513 b,1.21,,528.4
592,HD 14787 b,1.121,1.25,676.6
593,HD 147873 b,5.14,,116.596
594,HD 147873 c,2.3,,491.54
595,HD 148156 b,0.85,,1010.0
596,HD 148164 b,5.16,,5062.0
597,HD 148164 c,1.23,,328.55
598,HD 149026 b,0.356,0.718,2.8758916
599,HD 149143 b,1.33,1.05,4.07206
600,HD 1502 b,2.75,1.183,428.5
601,HD 150433 b,0.168,,1096.2
602,HD 150706 b,2.71,,5894.0
603,HD 152079 b,3.0,,2097.0
604,HD 152581 b,1.5,,689.0
605,HD 152843 b,0.03637,0.3042,11.6264
606,HD 152843 c,0.0865,0.5201,27.13
607,HD 153950 b,2.73,,499.4
608,HD 154088 b,0.0208,,18.56
609,HD 154345 b,1.0,,3538.0
610,HD 154672 b,5.02,,163.91
611,HD 154857 b,2.24,,408.6
612,HD 154857 c,2.58,,3452.0
613,HD 155193 b,0.75,,352.65
614,HD 155233 b,2.6,,818.8
615,HD 155358 b,0.85,,194.3
616,HD 155358 c,0.82,,391.9
617,HD 156279 b,9.71,,131.05
618,HD 156279 c,8.6,,4191.0
619,HD 156411 b,0.74,,842.2
620,HD 156668 b,0.0131,,4.646
621,HD 156668 c,0.0158,,
622,HD 157172 b,0.12,,104.84
623,HD 158038 b,1.8,,521.0
624,HD 158259 b,2.22,0.107,2.178
625,HD 158259 c,0.01762,,3.432
626,HD 158259 d,0.01702,,5.1980814
627,HD 158259 e,0.01913,,7.951
628,HD 158259 f,0.01932,,12.028
629,HD 159243 b,1.13,,12.62
630,HD 159243 c,1.9,,248.4
631,HD 159868 b,2.218,1.202,1184.1
632,HD 159868 c,0.768,1.269,351.0
633,HD 1605 b,0.96,,577.9
634,HD 1605 c,3.48,,2111.0
635,HD 161178 b,0.57,,279.3
636,HD 16141 A b,0.215,,75.82
637,HD 16175 b,4.77,,995.4
638,HD 162004 b,1.53,,3117.0
639,HD 163296 b,1.0,,
640,HD 163296 c,0.3,,
641,HD 163607 b,0.7836,1.269,75.2203
642,HD 163607 c,2.201,1.202,1272.0
643,HD 16417 b,0.0529,,17.24
644,HD 164428 b,5.7,,599.6
645,HD 164509 b,0.48,,282.4
646,HD 164595 b,0.0516,,40.0
647,HD 164604 b,1.998,,641.47
648,HD 164922 b,0.365,,1207.0
649,HD 164922 c,0.041,,75.74
650,HD 164922 d,0.0001041,,12.458
651,HD 164922 e,0.0331,,41.763
652,HD 165155 b,2.89,,434.5
653,HD 1666 b,6.43,,270.0
654,HD 166724 b,3.53,,8100.0
655,HD 167042 b,1.6,,416.1
656,HD 168443 b,7.659,,58.11247
657,HD 168746 b,0.23,,6.403
658,HD 1690 b,6.1,,533.0
659,HD 169142 b,2.2,,
660,HD 169830 b,2.88,,225.62
661,HD 169830 c,4.04,,2102.0
662,HD 170469 b,0.67,,1145.0
663,HD 17092 b,4.6,,359.9
664,HD 171028 b,1.98,,550.0
665,HD 171238 b,2.6,,1523.0
666,HD 17156 b,3.191,1.095,21.2163979
667,HD 173416 b,2.7,,323.6
668,HD 175167 b,7.8,,1290.0
669,HD 175370 b,4.6,,349.5
670,HD 175541 b,0.61,,297.3
671,HD 175607 b,0.0283,,29.01
672,HD 176051 b,1.5,,1016.0
673,HD 17674 b,0.87,,623.8
674,HD 176986 b,0.0181,,6.4898
675,HD 176986 c,0.0289,,16.8191
676,HD 177830 A b,1.49,,406.6
677,HD 177830 A c,0.15,,110.9
678,HD 178911 B b,6.292,,71.487
679,HD 179079 b,0.076,,14.4708
680,HD 179949 b,0.92,1.05,3.0925
681,HD 180053 b,2.194,1.203,213.72
682,HD 18015 b,3.18,1.17,2278.0
683,HD 180902 b,1.685,1.221,510.9
684,HD 181234 b,8.37,,7462.06
685,HD 181342 b,2.54,1.19,564.1
686,HD 181433 b,0.0223,,9.3745
687,HD 181433 c,0.674,,1014.5
688,HD 181433 d,0.612,,7012.0
689,HD 181720 b,0.37,,956.0
690,HD 183263 b,3.67,,626.5
691,HD 183263 c,3.82,,2950.0
692,HD 183579 b,0.0302,0.3149,17.471278
693,HD 184010 b,0.3,,484.4
694,HD 184010 c,0.28,,483.3
695,HD 184010 d,0.46,,837.7
696,HD 185269 A b,0.94,,6.838
697,HD 187085 b,0.75,,986.0
698,HD 187123 b,0.52,,3.0965828
699,HD 187123 c,1.99,,3810.0
700,HD 18742 b,3.4,1.166,766.0
701,HD 188015 b,1.26,,456.46
702,HD 189567 b,0.0267,,14.288
703,HD 189567 c,0.022,,33.688
704,HD 189733 b,1.15,1.138,2.219
705,HD 190007 b,0.05179,,11.72
706,HD 190360 b,1.495,,2867.9
707,HD 190360 c,0.06381,,17.1186
708,HD 190647 b,1.9,,1038.1
709,HD 190984 b,3.1,,4885.0
710,HD 191806 b,8.52,,1606.3
711,HD 191939 b,0.0327,0.3024,8.88029
712,HD 191939 c,0.0227,0.2748,28.5805
713,HD 191939 d,0.0182,0.2712,38.3525
714,HD 191939 e,0.34,,101.5
715,HD 192263 b,0.733,,24.3587
716,HD 192699 b,2.096,1.206,340.94
717,HD 195019 b,3.7,,18.20163
718,HD 196050 b,2.83,,1316.24
719,HD 196067 b,6.9,,3638.0
720,HD 196885 A b,2.98,,1326.0
721,HD 197037 A b,0.79,,1035.7
722,HD 19994 A b,1.37,,466.2
723,HD 20003 b,0.0378,,11.849
724,HD 20003 c,0.0422,,33.823
725,HD 200964 b,1.85,,613.8
726,HD 200964 c,0.895,,825.0
727,HD 202432 b,1.9,,418.8
728,HD 202696 b,1.991,,528.2
729,HD 202696 c,1.917,,958.0
730,HD 202772 A b,1.008,1.562,3.30896
731,HD 203030 b,11.0,,
732,HD 203473 b,7.84,,1552.9
733,HD 20367 b,1.07,,500.0
734,HD 2039 b,6.11,,1120.0
735,HD 204313 b,4.28,,2024.1
736,HD 204313 c,0.0553,,34.905
737,HD 204313 d,1.68,,2831.6
738,HD 204941 b,0.266,,1733.0
739,HD 205739 b,1.37,,279.8
740,HD 206255 b,0.1076,,96.045
741,HD 206610 b,2.2,,610.0
742,HD 20781 b,0.0379,,29.15
743,HD 20781 c,0.0496,,85.131
744,HD 20781 d,0.0334,,29.158
745,HD 20781 e,0.0442,,85.5073
746,HD 20782 b,1.9,,591.9
747,HD 207832 A b,0.56,,161.97
748,HD 207832 A c,0.73,,1155.7
749,HD 207897 b,0.05,0.22348,16.202157
750,HD 20794 b,0.00887,,18.32
751,HD 20794 d,0.01108,,88.9
752,HD 20794 e,0.01501,,147.02
753,HD 208487 b,0.413,,129.8
754,HD 208487 c,0.46,,908.0
755,HD 208527 b,9.9,,875.5
756,HD 20868 b,1.99,,380.85
757,HD 208897 b,1.4,,352.7
758,HD 209458 b,0.69,1.38,3.52472
759,HD 210193 b,0.4817,,649.918
760,HD 210277 b,1.23,,442.1
761,HD 210702 b,1.808,1.216,354.1
762,HD 211403 b,5.54,,223.8
763,HD 211810 b,0.67,,1558.0
764,HD 211970 b,0.0409,,25.2
765,HD 212301 A b,0.4,1.07,2.245715
766,HD 212771 b,2.3,,373.3
767,HD 213240 b,4.5,,951.0
768,HD 213472 b,3.48,,16700.0
769,HD 213885 b,0.02778,0.15568,1.008035
770,HD 213885 c,0.06277,,4.78503
771,HD 21411 b,0.2073,,84.288
772,HD 215152 b,0.00628,,5.75942
773,HD 215152 c,0.004801,,7.28345
774,HD 215152 d,0.008511,,10.8642
775,HD 215152 e,0.01091,,25.1968
776,HD 215456 b,0.101,,191.99
777,HD 215456 c,0.246,,2277.0
778,HD 215497 b,0.02,,3.93404
779,HD 215497 c,0.33,,567.94
780,HD 216435 b,1.26,,1311.0
781,HD 216437 b,1.82,,1256.0
782,HD 216520 b,0.03228,,35.45
783,HD 216520 c,0.0297,,154.43
784,HD 216536 b,1.47,,148.6
785,HD 216770 b,0.65,,118.45
786,HD 21693 b,0.0322,,22.656
787,HD 21693 c,0.06472,,53.881
788,HD 217107 b,1.394,,7.126853
789,HD 217107 c,4.09,,5059.3
790,HD 218566 b,0.21,,225.7
791,HD 219134 b,0.01343,0.134,3.093292
792,HD 219134 c,0.004754,0.12624,6.765159
793,HD 219134 d,0.067,,46.71
794,HD 219134 e,0.223,,1842.0
795,HD 219134 f,0.028,,22.805
796,HD 219134 g,0.034,,94.2
797,HD 219134 h,0.308,,2198.0
798,HD 219139 b,0.78,,275.5
799,HD 219415 b,1.0,,2093.3
800,HD 219666 b,0.0522,0.4202,6.03607
801,HD 219828 b,0.0661,,3.834887
802,HD 220074 b,11.1,,672.1
803,HD 220197 b,0.2,,1728.0
804,HD 220689 b,1.06,,2209.0
805,HD 220773 b,1.45,,3724.7
806,HD 220842 A b,3.18,,218.47
807,HD 221287 b,3.09,,456.1
808,HD 221416 b,0.1904,0.836,14.2767
809,HD 221420 b,9.7,,22482.0
810,HD 221585 b,1.61,,1173.0
811,HD 222076 b,1.56,,871.0
812,HD 222155 b,1.9,,3999.0
813,HD 222582 b,7.75,,572.38
814,HD 224538 b,5.97,,1189.1
815,HD 224693 b,0.71,,26.73
816,HD 22496 b,0.01753,,5.09071
817,HD 22532 b,2.12,,872.6
818,HD 23079 b,2.45,,730.6
819,HD 23127 b,1.5,,1214.0
820,HD 231701 b,1.08,,141.89
821,HD 233604 b,6.575,,192.0
822,HD 233832 b,2.72,,4047.0
823,HD 23472 b,0.02618,0.16701,17.667087
824,HD 23472 c,0.01073,0.1668,29.79749
825,HD 23472 d,0.00173,0.0669,3.97664
826,HD 23472 e,0.00227,0.07298,7.90754
827,HD 23472 f,0.00242,0.10144,12.1621839
828,HD 23596 b,8.1,,1565.0
829,HD 238090 b,0.02168,,13.671
830,HD 238914 b,6.0,,4100.0
831,HD 240210 b,6.9,,501.75
832,HD 240237 b,5.3,,745.7
833,HD 24040 b,4.01,,3668.0
834,HD 24040 c,0.201,,515.4
835,HD 24064 b,9.4,,555.6
836,HD 24085 b,0.0371,,2.0455
837,HD 25015 b,4.48,,6019.0
838,HD 25171 b,0.95,,1845.0
839,HD 25723 b,2.51,,456.78
840,HD 25723 c,1.33,,2369.84
841,HD 260655 b,0.00673,0.1106,2.76953
842,HD 260655 c,0.00972,0.13677,5.70588
843,HD 26161 b,0.0425,,32000.0
844,HD 2638 b,0.48,1.04,3.444
845,HD 2685 b,1.18,1.44,4.12692
846,HD 26965 b,0.02665,,42.378
847,HD 27442 b,1.35,,415.2
848,HD 27631 b,1.45,,2208.0
849,HD 27894 b,0.665,,18.02
850,HD 27894 c,0.162,,36.07
851,HD 27894 d,5.415,,5174.0
852,HD 27969 b,4.8,,654.5
853,HD 28109 b,0.058195,0.19618,22.89104
854,HD 28185 b,5.7,,383.0
855,HD 28254 A b,1.16,,1116.0
856,HD 285507 b,0.917,,6.0962
857,HD 28678 b,1.7,,387.1
858,HD 29021 b,2.4,,1362.3
859,HD 290327 b,2.54,,2443.0
860,HD 29399 b,1.57,,892.7
861,HD 2952 b,1.6,,311.6
862,HD 30177 b,8.07,,2532.5
863,HD 30177 c,3.0,,6921.0
864,HD 30562 b,1.29,,1157.0
865,HD 30669 b,0.47,,1684.0
866,HD 30856 A b,1.8,,912.0
867,HD 31253 b,0.5,,466.0
868,HD 31527 b,0.0363,,16.557
869,HD 31527 c,0.0498,,51.2
870,HD 31527 d,0.0519,,274.2
871,HD 3167 b,0.0158,0.152,0.959624
872,HD 3167 c,0.0308,0.255,29.83832
873,HD 3167 d,0.0217,,8.492
874,HD 3167 e,0.03065,,102.09
875,HD 32518 b,3.04,,157.54
876,HD 32963 b,0.7,,2372.0
877,HD 330075 b,0.62,1.06,3.6413
878,HD 331093 b,1.5,,621.62
879,HD 33142 b,1.261,1.235,329.7
880,HD 33142 c,0.885,1.277,811.5
881,HD 33142 d,0.2,,89.9
882,HD 332231 b,0.244,0.867,18.71204
883,HD 33283 b,0.33,0.99,18.1801
884,HD 33564 b,9.1,,388.0
885,HD 33844 b,1.96,,551.4
886,HD 33844 c,1.75,,916.0
887,HD 34445 b,0.629,,1056.7
888,HD 34445 c,0.168,,214.67
889,HD 34445 d,0.097,,117.87
890,HD 34445 e,0.0529,,49.175
891,HD 34445 f,0.119,,676.8
892,HD 34445 g,0.38,,5700.0
893,HD 35759 b,3.76,,82.467
894,HD 360 b,0.75,,273.1
895,HD 3651 b,0.228,,62.25
896,HD 37124 b,0.675,,154.378
897,HD 37124 c,0.652,,885.5
898,HD 37124 d,0.696,,1862.0
899,HD 37605 b,2.813,,55.01307
900,HD 37605 c,3.366,,2720.0
901,HD 38283 b,0.34,,363.2
902,HD 38529 b,0.78,,14.3104
903,HD 38677 b,0.07636,,18.57
904,HD 38677 c,0.0302,0.16184,6.584
905,HD 38677 d,0.01054,0.12428,2.882
906,HD 38677 e,0.01299,0.13123,5.516
907,HD 38801 b,10.13,1.134,686.8
908,HD 38858 b,0.0961,,407.15
909,HD 39194 b,0.013,,5.6368
910,HD 39194 c,0.0198,,14.03
911,HD 39194 d,0.013,,33.91
912,HD 39855 b,0.0267,,3.2498
913,HD 40307 b,0.012,,4.3114
914,HD 40307 c,0.0202,,9.621
915,HD 40307 d,0.0275,,20.412
916,HD 40307 e,0.011,,34.62
917,HD 40307 f,0.0114,,51.68
918,HD 40307 g,0.0223,,197.8
919,HD 40956 b,2.7,,578.6
920,HD 40979 b,4.01,,264.1
921,HD 41004 A b,2.54,,963.0
922,HD 4113 A b,1.56,,526.62
923,HD 42012 b,1.6,,857.5
924,HD 4203 b,1.82,,437.05
925,HD 4203 c,2.17,,6700.0
926,HD 4208 b,0.804,,828.0
927,HD 42618 b,0.0453,,149.61
928,HD 42936 b,0.00812,,6.6732
929,HD 4308 b,0.0405,,15.609
930,HD 4313 b,2.3,,356.0
931,HD 43197 b,0.6,,327.8
932,HD 43691 A b,2.57,,36.99913
933,HD 44219 b,0.58,,472.3
934,HD 44385 b,5.9,,473.5
935,HD 45184 b,0.04,,5.8872
936,HD 45184 c,0.0277,,13.1354
937,HD 45350 b,1.79,,890.76
938,HD 45364 b,0.1872,,226.93
939,HD 45364 c,0.6579,,342.85
940,HD 45652 b,0.47,,43.6
941,HD 46375 A b,0.23,1.02,3.02358
942,HD 47186 b,0.07167,,4.0845
943,HD 47186 c,0.35061,,1353.6
944,HD 4732 A b,2.37,,360.2
945,HD 4732 A c,2.37,,2732.0
946,HD 47366 b,1.75,,363.3
947,HD 47366 c,1.86,,684.7
948,HD 47536 b,5.0,,430.0
949,HD 48265 b,1.16,,700.0
950,HD 4917 b,1.615,1.224,400.5
951,HD 49674 b,0.1,0.98,4.94739
952,HD 50499 b,1.45,,2483.7
953,HD 50499 c,2.93,,8620.0
954,HD 50554 b,5.16,,1293.0
955,HD 51608 b,0.04,,14.071
956,HD 51608 c,0.0521,,95.87
957,HD 52265 b,1.21,,119.27
958,HD 5278 b,0.0245,0.2186,14.33902
959,HD 5319 b,1.94,,675.0
960,HD 5319 c,1.15,,886.0
961,HD 55696 b,3.87,,1827.0
962,HD 5583 b,5.78,,139.35
963,HD 5608 b,1.681,1.222,779.9
964,HD 564 b,0.33,,492.3
965,HD 5891 b,7.6,,177.11
966,HD 59686 A b,6.92,,299.36
967,HD 60292 b,6.5,,495.4
968,HD 60532 b,3.15,,201.83
969,HD 60532 c,7.46,,607.06
970,HD 62509 b,2.9,,589.64
971,HD 63454 b,0.39,1.06,2.81747
972,HD 63765 b,0.64,,358.0
973,HD 63935 b,0.034,0.2668,9.058811
974,HD 63935 c,0.0349,0.259,21.4023
975,HD 64121 b,2.56,,623.0
976,HD 6434 b,0.39,,21.998
977,HD 65216 A b,1.295,,577.6
978,HD 65216 A c,2.03,,5370.0
979,HD 66141 b,6.0,,480.5
980,HD 66428 b,2.82,,1973.0
981,HD 66428 c,0.085,,39000.0
982,HD 67087 b,3.06,,352.2
983,HD 67087 c,4.85,,2374.0
984,HD 6718 b,1.56,,2496.0
985,HD 68402 b,3.07,,1103.0
986,HD 68988 b,1.86,,6.2771
987,HD 69123 b,3.04,,1193.3
988,HD 69830 b,0.0321,,8.6682
989,HD 69830 c,0.0371,,31.601
990,HD 69830 d,0.0569,,200.57
991,HD 70642 b,2.0,,2231.0
992,HD 7199 b,0.29,,615.0
993,HD 72490 b,1.768,1.218,858.0
994,HD 72659 b,3.15,,3658.0
995,HD 72892 b,5.45,,39.475
996,HD 73267 b,3.06,,1260.0
997,HD 73526 b,2.25,,188.9
998,HD 73526 c,2.25,,379.1
999,HD 73534 b,1.15,,1800.0
1000,HD 73583 b,0.0321,0.2489,6.398042
1001,HD 73583 c,0.0302,0.2436,18.8805
1002,HD 74156 b,1.778,,51.6385
1003,HD 74156 c,7.997,,2448.9
1004,HD 7449 A b,0.508,,1255.5
1005,HD 75289 b,0.47,1.03,3.50928
1006,HD 75784 b,1.15,,341.7
1007,HD 75784 c,5.6,,5040.0
1008,HD 75898 b,2.51,,418.2
1009,HD 76700 b,0.23,0.99,3.97101
1010,HD 76920 b,3.13,,415.89
1011,HD 77338 b,0.5,,5.7561
1012,HD 79181 b,0.64,,273.1
1013,HD 79211 b,0.03231,,24.45
1014,HD 7924 b,0.0273,1.05,5.39792
1015,HD 7924 c,0.0247,,15.299
1016,HD 7924 d,0.0203,,24.451
1017,HD 79498 b,1.34,,1966.0
1018,HD 80606 b,4.1641,1.032,111.436765
1019,HD 80653 b,0.01762,0.144,0.719573
1020,HD 80869 b,4.86,,1711.7
1021,HD 81040 b,6.86,,1001.7
1022,HD 81688 b,1.77,,184.02
1023,HD 82886 b,1.3,,705.0
1024,HD 82943 b,4.8,,442.4
1025,HD 82943 c,4.78,,219.3
1026,HD 82943 d,0.29,,1078.0
1027,HD 8326 b,0.2095,,159.0
1028,HD 83443 b,0.402,1.04,2.985628
1029,HD 83443 c,1.35,,8241.0
1030,HD 8535 b,0.68,,1313.0
1031,HD 85390 b,0.099,,799.52
1032,HD 85512 b,0.011,,58.43
1033,HD 85628 A b,3.1,1.53,2.82406
1034,HD 8574 b,2.11,,227.55
1035,HD 86081 A b,1.5,1.08,1.99809
1036,HD 86226 b,0.45,,1628.0
1037,HD 86264 b,7.0,,1475.0
1038,HD 86950 b,3.6,,1270.0
1039,HD 87646 A b,12.4,,13.481
1040,HD 87883 b,12.1,,2754.0
1041,HD 88133 b,0.3,1.0,3.41566
1042,HD 89307 b,2.0,,2199.0
1043,HD 89345 b,0.1123,0.612,11.81399
1044,HD 89744 b,8.35,,256.78
1045,HD 89744 c,5.36,,6974.0
1046,HD 90156 b,0.057,,49.77
1047,HD 9174 b,1.11,,1179.0
1048,HD 92788 b,3.76,,325.8
1049,HD 92788 c,3.76,,11611.3
1050,HD 93083 b,0.37,,143.58
1051,HD 93385 A b,0.0132,,7.3426
1052,HD 93385 A c,7.1,,13.18
1053,HD 93385 A d,0.0318,,46.025
1054,HD 9446 b,0.687,,30.0608
1055,HD 9446 c,1.7,,189.6
1056,HD 94834 b,1.26,1.242,1576.0
1057,HD 95086 b,2.6,,
1058,HD 95089 b,1.2,,507.0
1059,HD 95089 c,3.97,,1860.0
1060,HD 95127 b,5.01,,482.0
1061,HD 95338 b,0.12406,0.3551,55.086
1062,HD 95544 b,6.84,,2172.0
1063,HD 9578 b,0.62,,494.0
1064,HD 95872 b,4.6,,4375.0
1065,HD 96063 b,0.9,,361.1
1066,HD 96127 b,4.0,,647.3
1067,HD 96167 b,0.68,,498.9
1068,HD 96700 b,0.028,,8.1245
1069,HD 96700 c,0.011,,19.88
1070,HD 96700 d,0.04,,103.5
1071,HD 96992 b,1.14,,514.0
1072,HD 97619 b,3.5,,665.9
1073,HD 97658 b,0.02457,0.20047,9.489295
1074,HD 98219 b,1.8,,436.9
1075,HD 98649 b,6.79,,6023.0
1076,HD 98736 b,2.33,,968.8
1077,HD 99109 b,0.502,,439.3
1078,HD 99283 b,0.97,,310.4
1079,HD 99492 b,0.079,,17.054
1080,HD 99706 b,1.4,,868.0
1081,HD 99706 c,5.69,,1123.0
1082,HIP 105854 b,5.35,,184.2
1083,HIP 107772 b,0.0406,,55.19
1084,HIP 107773 b,1.98,,144.3
1085,HIP 109384 b,1.56,,499.48
1086,HIP 109600 b,2.68,,232.08
1087,HIP 114933 b,1.94,,1481.6
1088,HIP 116454 b,0.03719,0.226,9.1265
1089,HIP 11915 b,0.99,,3830.0
1090,HIP 12961 b,0.35,,57.435
1091,HIP 14810 b,3.88,,6.673855
1092,HIP 14810 c,1.28,,147.73
1093,HIP 14810 d,0.57,,962.0
1094,HIP 3206 b,0.173,,1211.0
1095,HIP 34222 b,0.83,,159.986
1096,HIP 35173 b,0.04,,41.516
1097,HIP 38594 b,0.0255,,60.722
1098,HIP 38594 c,0.1523,,3477.8
1099,HIP 4845 b,0.0453,,34.15
1100,HIP 48714 b,0.0721,,17.818
1101,HIP 5158 b,1.44,,345.63
1102,HIP 54373 b,0.02712,,7.76
1103,HIP 54373 c,0.03914,,15.144
1104,HIP 56640 b,3.67,,2574.9
1105,HIP 57050 b,0.304,,41.38
1106,HIP 57050 c,0.227,,532.635
1107,HIP 57274 b,0.036,,8.1352
1108,HIP 57274 c,0.41,,32.03
1109,HIP 57274 d,0.527,,431.7
1110,HIP 5763 b,0.51,,30.014
1111,HIP 63242 b,9.18,,124.6
1112,HIP 63734 b,11.0,,
1113,HIP 65407 b,0.428,,28.125
1114,HIP 65407 c,0.784,,67.3
1115,HIP 65426 b,7.1,1.5,
1116,HIP 65A b,3.213,2.03,0.9809734
1117,HIP 67522 b,5.0,0.8984,6.959503
1118,HIP 67537 b,11.1,,2592.5
1119,HIP 67851 b,1.38,,88.9
1120,HIP 67851 c,5.98,,2131.8
1121,HIP 68468 b,0.011,,1.8372
1122,HIP 68468 c,0.094,,194.0
1123,HIP 70849 b,9.0,,10000.0
1124,HIP 71135 b,0.0592,,87.19
1125,HIP 74890 b,2.4,,822.3
1126,HIP 75092 b,1.79,,926.4
1127,HIP 75458 b,11.07,,510.855
1128,HIP 77257 b,0.0428,,15.5083
1129,HIP 79431 b,2.1,,111.7
1130,HIP 8541 b,5.59,,1560.0
1131,HIP 86221 b,0.71,,2.224
1132,HIP 89474 b,0.0299,,15.1479
1133,HIP 90988 b,1.96,,453.9
1134,HIP 91258 b,1.068,,5.0505
1135,HIP 94235 b,1.192,0.2862,7.712121
1136,HIP 97166 b,0.063,0.2444,10.28891
1137,HIP 97166 c,9.9,,16.84
1138,HR 5183 b,3.23,,27400.0
1139,HR 810 b,2.26,,320.1
1140,HR 8799 b,7.0,1.2,164250.0
1141,HR 8799 c,8.3,1.3,82145.0
1142,HR 8799 d,8.3,1.2,41054.0
1143,HR 8799 e,9.6,1.17,18000.0
1144,IC 4651 9122 b,6.3,,734.0
1145,ITG 15B,9.0,,
1146,J1324+63,11.5,1.23,
1147,K2-10 b,0.085,0.343,19.3044
1148,K2-105 b,0.094,0.301,8.267704
1149,K2-106 b,0.0263,0.162,0.571331
1150,K2-106 c,0.018,0.244,13.339079
1151,K2-107 b,0.84,1.426,3.313959
1152,K2-108 b,0.187,0.476,4.733999
1153,K2-110 b,0.0525,0.228,13.86387
1154,K2-111 b,0.01664,0.162,5.3518
1155,K2-111 c,0.03555,,15.6785
1156,K2-113 b,1.28,1.083,5.817685
1157,K2-114 b,1.85,0.952,11.391013
1158,K2-124 b,0.033,0.259,6.413651
1159,K2-132 b,0.49,1.3,9.1751
1160,K2-133 b,0.0069,0.12,3.07133
1161,K2-133 c,0.01,0.143,4.86784
1162,K2-133 d,0.026,0.179,11.02454
1163,K2-137 b,0.5,0.079,0.179715
1164,K2-138 b,0.0098,0.14,2.35322
1165,K2-138 c,0.0198,0.225,3.55987
1166,K2-138 d,0.0249,0.237,5.40478
1167,K2-138 e,0.0409,0.294,8.26144
1168,K2-138 f,0.005,0.251,12.75759
1169,K2-138 g,0.0135,0.2688,41.96797
1170,K2-139 b,0.381,0.813,28.380619
1171,K2-140 b,0.93,1.093,6.56918
1172,K2-141 b,0.01598,0.135,0.2803244
1173,K2-141 c,0.02328,0.624,7.7485
1174,K2-146 b,0.01816,0.183,2.6446
1175,K2-146 c,0.02358,0.195,4.00498
1176,K2-155 b,0.0148,0.161,6.342
1177,K2-155 c,0.0205,0.232,13.85
1178,K2-155 d,0.0154,0.17,40.718
1179,K2-174 b,0.0289,0.232,19.562307
1180,K2-18 b,0.02807,0.211,32.939623
1181,K2-18 c,0.02363,,8.962
1182,K2-180 b,0.036,0.206,8.867209
1183,K2-182 b,0.063,0.24,4.7369683
1184,K2-19 b,0.1019,0.691,7.9194
1185,K2-19 c,0.034,0.434,11.90715
1186,K2-19 d,0.031,0.102,2.50856
1187,K2-199 b,0.0217,0.1543,3.2253993
1188,K2-199 c,0.039,0.2543,7.3744897
1189,K2-2016-BLG-0005L b,1.1,,
1190,K2-216 b,0.02517,0.156,2.1748
1191,K2-22 b,1.4,0.223,0.381078
1192,K2-222 b,0.025,0.2097,15.3885
1193,K2-229 b,0.00815,0.102,0.58426
1194,K2-229 c,0.067,0.181,8.32727
1195,K2-229 d,0.079,0.2364,31.0
1196,K2-231 b,0.0227,0.223,13.841901
1197,K2-232 b,0.398,1.0,11.168454
1198,K2-233 b,0.0104,0.125,2.46746
1199,K2-233 d,0.0261,0.236,24.3662
1200,K2-237 b,1.236,1.642,2.1805577
1201,K2-238 b,0.86,1.3,3.20466
1202,K2-239 b,0.0044,0.098,5.24
1203,K2-239 c,0.0028,0.089,7.775
1204,K2-239 d,0.0041,0.098,10.115
1205,K2-24 b,0.0661,0.482,20.88977
1206,K2-24 c,0.085,0.669,42.3391
1207,K2-240 b,0.0157,0.178,6.034
1208,K2-240 c,0.0145,0.161,20.523
1209,K2-25 b,0.0771,0.306,3.484552
1210,K2-260 b,1.42,1.552,2.6266657
1211,K2-261 b,0.223,0.85,11.63344
1212,K2-263 b,0.0466,0.215,50.818947
1213,K2-265 b,0.02058,0.153,2.369172
1214,K2-266 b,0.0343,0.294,0.658524
1215,K2-266 c,0.00091,0.063,7.814
1216,K2-266 d,0.02958,0.261,14.697
1217,K2-266 e,0.02611,0.244,19.482
1218,K2-27 b,0.09722,0.4,6.771315
1219,K2-280 b,0.1167,0.684,19.895202
1220,K2-285 b,0.03046,0.231,3.471745
1221,K2-285 c,0.04933,0.315,7.138048
1222,K2-285 d,0.02045,0.221,10.45582
1223,K2-285 e,0.03367,0.174,14.76289
1224,K2-286 b,0.0214,0.187,27.359
1225,K2-287 b,0.315,0.847,14.893291
1226,K2-289 b,0.1529,0.812,13.156969
1227,K2-29 b,0.73,1.19,3.2588321
1228,K2-290 b,0.0343,0.273,9.21165
1229,K2-290 c,0.774,1.006,48.36685
1230,K2-291 b,0.02042,0.142,2.225177
1231,K2-292 b,0.07709,0.235,16.9841
1232,K2-295 b,0.335,0.897,4.024867
1233,K2-3 b,0.02039,0.194,10.054626
1234,K2-3 c,0.00673,0.165,24.646582
1235,K2-3 d,0.00881,0.135,44.55646
1236,K2-30 b,0.623,1.039,4.098503
1237,K2-308 b,0.025,0.884,3.38628
1238,K2-31 b,1.774,1.06,1.25785
1239,K2-314 b,0.02753,0.174,3.5951
1240,K2-314 c,0.04616,0.3274,15.624
1241,K2-314 d,0.03203,0.3515,35.747
1242,K2-32 b,0.047,0.443,8.991828
1243,K2-32 c,0.0255,0.244,20.66186
1244,K2-32 d,0.0211,0.292,31.7142
1245,K2-32 e,0.0066,0.09,4.34882
1246,K2-33 b,3.7,0.45,5.424865
1247,K2-34 b,1.76,1.245,2.995633
1248,K2-36 b,0.01227,0.128,1.422614
1249,K2-36 c,0.02454,0.2783,5.3410507
1250,K2-38 b,0.06,0.17,4.01593
1251,K2-38 c,0.03115,0.216,10.56103
1252,K2-39 b,0.09,0.56,4.60543
1253,K2-52 b,0.4046,1.606,3.535055
1254,K2-53 b,0.0289,0.232,12.20772
1255,K2-55 b,0.138,0.341,2.849258
1256,K2-60 b,0.426,0.683,3.00265
1257,K2-66 b,0.06702,0.222,5.06963
1258,K2-77 b,1.9,0.205,8.199796
1259,K2-79 b,0.0371,0.3649,10.99475
1260,K2-87 b,0.1192,0.678,9.726618
1261,K2-90 b,0.028,0.232,13.733314
1262,K2-95 b,1.67,0.346,10.134016
1263,K2-97 b,1.1,0.947,8.406726
1264,K2-98 b,0.101,0.464,10.136448
1265,K2-99 b,0.87,1.046,18.24783
1266,K2-99 c,8.4,,522.2
1267,KELT-10 b,0.679,1.399,4.166285
1268,KELT-11 b,0.195,1.3,4.736529
1269,KELT-12 b,0.95,1.79,5.0316144
1270,KELT-15 b,0.91,1.443,3.329441
1271,KELT-16 b,2.74,1.415,0.9689951
1272,KELT-17 b,1.31,1.525,3.0801716
1273,KELT-18 b,1.18,1.57,2.8717518
1274,KELT-19 A b,4.07,1.91,4.6117093
1275,KELT-2 A b,1.486,1.306,4.1137914
1276,KELT-21 b,3.91,1.586,3.6127647
1277,KELT-22A b,3.69,1.2,1.38665318
1278,KELT-23A b,0.938,1.323,2.255251
1279,KELT-3 b,1.418,1.333,2.7033902
1280,KELT-4 A b,0.878,1.706,2.9895933
1281,KELT-6 b,0.442,1.18,7.845582
1282,KELT-6 c,3.71,,1276.0
1283,KELT-7 b,1.24,1.293,2.734784
1284,KELT-8 b,0.867,1.86,3.24406
1285,KELT-9 b,2.88,1.84,1.4811235
1286,KIC 10068024 b,2.0,,2.073549
1287,KIC 5095269 (AB) b,7.698,,237.70817
1288,KIC 5479689 b,0.5,,1.701531
1289,KIC 7821010 b,2.6,,991.0
1290,KMT-2016-BLG-1107 b,3.283,,
1291,KMT-2016-BLG-1397 b,7.0,,
1292,KMT-2016-BLG-1820 b,4.57,,
1293,KMT-2016-BLG-1836L b,2.2,,
1294,KMT-2016-BLG-2364 b,3.93,,
1295,KMT-2016-BLG-2397 b,2.42,,
1296,KMT-2016-BLG-2605 b,0.771,,
1297,KMT-2017-BLG-0165L b,0.107,,
1298,KMT-2017-BLG-0673L b,3.67,,
1299,KMT-2017-BLG-1038 b,2.4,,
1300,KMT-2017-BLG-1146 b,0.85,,
1301,KMT-2017-BLG-2509 b,2.09,,
1302,KMT-2018-BLG-0029 b,0.02017,,
1303,KMT-2018-BLG-0030 b,1.45,,
1304,KMT-2018-BLG-0087 b,0.23,,
1305,KMT-2018-BLG-0247 b,2.11,,
1306,KMT-2018-BLG-0748 b,0.19,,
1307,KMT-2018-BLG-1025L b,0.019064,,
1308,KMT-2018-BLG-1292L b,4.9,,
1309,KMT-2018-BLG-1743 b,0.925,,
1310,KMT-2018-BLG-1976L b,1.96,,
1311,KMT-2018-BLG-1988L b,0.0214,,
1312,KMT-2018-BLG-1990L b,0.57,,
1313,KMT-2018-BLG-2004 b,0.27,,
1314,KMT-2018-BLG-2602 b,1.15,,
1315,KMT-2018:BLG-1996L b,1.22,,
1316,KMT-2019-BLG-0253 b,0.0289,,
1317,KMT-2019-BLG-0414L b,4.42,,
1318,KMT-2019-BLG-0842 b,10.28,,
1319,KMT-2019-BLG-1042 b,0.19,,
1320,KMT-2019-BLG-1339/OGLE-2019/BLG-1019 b,12.2,,
1321,KMT-2019-BLG-1552 b,4.05,,
1322,KMT-2019-BLG-1715 b,2.56,,
1323,KMT-2019-BLG-1953L b,0.59,,
1324,KMT-2019-BLG-1953L c,0.28,,
1325,KMT-2019-BLG-2073,0.186,,
1326,KMT-2019-BLG-2974 b,0.28,,
1327,KMT-2020-BLG-0414 b,0.00381,,
1328,KMT-2021-BLG-0119 b,5.7,,
1329,KMT-2021-BLG-0171L b,0.0352,,
1330,KMT-2021-BLG-0192 b,0.15,,
1331,KMT-2021-BLG-0240 b,0.4,,
1332,KMT-2021-BLG-0240 c,0.7,,
1333,KMT-2021-BLG-0320 b,0.1,,
1334,KMT-2021-BLG-0712 b,0.12016,,
1335,KMT-2021-BLG-0748 b,0.45,,
1336,KMT-2021-BLG-0909 b,1.26,,
1337,KMT-2021-BLG-0912 b,6.92,,
1338,KMT-2021-BLG-1077L b,0.22,,
1339,KMT-2021-BLG-1077L c,0.25,,
1340,KMT-2021-BLG-1105 b,1.3,,
1341,KMT-2021-BLG-1253 b,0.05994,,
1342,KMT-2021-BLG-1303 b,0.38,,
1343,KMT-2021-BLG-1372 b,0.19278,,
1344,KMT-2021-BLG-1554 b,0.12,,
1345,KMT-2021-BLG-1689L b,0.145,,
1346,KMT-2021-BLG-1898 b,0.76,,
1347,KMT-2021-BLG-1931 b,0.01432,,
1348,KMT-2021-BLG-2294 b,0.07,,
1349,KMT-2021-BLG-2478 b,0.8,,
1350,KOI-12 b,1.1,1.23,17.855182
1351,KOI-1257 b,1.45,0.94,86.647661
1352,KOI-13 b,9.28,1.512,1.763588
1353,KOI-142 b,0.03,0.307,10.91647
1354,KOI-142 c,0.674,,22.26492
1355,KOI-1599.01,0.01447,0.17,20.4415
1356,KOI-1599.02,0.02832,0.17,13.6088
1357,KOI-1783 b,0.2234,0.7904,134.4786723
1358,KOI-1783 c,0.0472,0.4853,284.060953
1359,KOI-2700 b,0.00271,0.0946,0.910022
1360,KOI-3680 b,1.93,0.99,141.241671
1361,KOI-4777,0.00107,0.0455,0.412
1362,KOI-55 b,0.0014,0.068,0.240104
1363,KOI-55 c,0.0021,0.077,0.342887
1364,KOI-984 b,0.0544,0.384,4.2881785
1365,KPS-1 b,1.09,1.03,1.706291
1366,Kepler-10 b,0.0145,0.132,0.837491
1367,Kepler-10 c,0.02319,0.2097,45.2946
1368,Kepler-100 b,0.0231,0.118,6.88705
1369,Kepler-100 c,0.0027,0.196,12.8159
1370,Kepler-100 d,0.0094,0.144,35.3331
1371,Kepler-101 b,0.16,0.51,3.4876812
1372,Kepler-101 c,0.01,0.112,6.02976
1373,Kepler-102 b,0.01353,0.042,5.28696
1374,Kepler-102 c,0.009,0.052,7.07142
1375,Kepler-102 d,0.012,0.105,10.3117
1376,Kepler-102 e,0.028,0.198,16.1457
1377,Kepler-102 f,0.01636,0.079,27.4536
1378,Kepler-103 b,0.031,0.301,15.9654
1379,Kepler-103 c,0.114,0.459,179.612
1380,Kepler-104 b,0.0167,0.277,11.427548
1381,Kepler-104 c,0.0242,0.279,23.668205
1382,Kepler-104 d,0.0311,0.319,51.755394
1383,Kepler-105 b,0.016,0.429,5.4122
1384,Kepler-105 c,0.01447,0.117,7.1262
1385,Kepler-106 b,0.00047,0.073,6.16486
1386,Kepler-106 c,0.033,0.223,13.5708
1387,Kepler-106 d,0.02549,0.085,23.9802
1388,Kepler-106 e,0.03514,0.228,43.8445
1389,Kepler-107 b,0.01104,0.137,3.1800218
1390,Kepler-107 c,0.02954,0.142,4.901452
1391,Kepler-107 d,0.01196,0.077,7.95839
1392,Kepler-107 e,0.02706,0.259,14.749143
1393,Kepler-109 b,0.02297,0.211,6.48163
1394,Kepler-109 c,0.06859,0.225,21.2227
1395,Kepler-11 b,0.006,0.161,10.3039
1396,Kepler-11 c,0.009,0.256,13.0241
1397,Kepler-11 d,0.023,0.278,22.6845
1398,Kepler-11 e,0.025,0.374,31.9996
1399,Kepler-11 f,0.006,0.222,46.6888
1400,Kepler-11 g,0.079,0.297,118.3807
1401,Kepler-113 b,0.037,0.162,4.754
1402,Kepler-113 c,0.027,0.194,8.92507
1403,Kepler-114 b,0.022,0.112,5.188549
1404,Kepler-114 c,0.009,0.143,8.041
1405,Kepler-114 d,0.012,0.226,11.776
1406,Kepler-117 b,0.094,0.719,18.7959228
1407,Kepler-117 c,1.84,1.101,50.790391
1408,Kepler-12 b,0.432,1.754,4.4379629
1409,Kepler-122 f,0.113,0.156,56.268
1410,Kepler-128 b,0.00242,0.128,15.09
1411,Kepler-128 c,0.00283,0.12,22.804
1412,Kepler-131 b,0.05075,0.215,16.092
1413,Kepler-131 c,0.026,0.075,25.5169
1414,Kepler-138 b,0.00021,0.047,10.3126
1415,Kepler-138 c,0.0062,0.107,13.7813
1416,Kepler-138 d,0.00318,0.108,23.0881
1417,Kepler-14 b,8.4,1.136,6.790123
1418,Kepler-145 b,0.117,0.236,22.951
1419,Kepler-145 c,0.25,0.385,42.882
1420,Kepler-15 b,0.66,0.96,4.942782
1421,Kepler-150 f,0.0283,0.325,637.2093
1422,Kepler-1514 b,5.28,1.108,217.83184
1423,Kepler-1520 b,6.3e-05,,0.65355357
1424,Kepler-16 (AB) b,0.333,0.7538,228.776
1425,Kepler-160 d,0.31463,,30.0
1426,Kepler-1625 b,11.6,0.541,287.378949
1427,Kepler-1647 (AB) b,1.52,1.06,1107.5923
1428,Kepler-1654 b,0.5,0.819,1047.8356
1429,Kepler-1655 b,0.01573,0.197,11.8728787
1430,Kepler-1656 b,0.1504,0.448,31.562
1431,Kepler-1656 c,0.3977,,1919.0
1432,Kepler-1658 b,5.88,1.07,3.84937278
1433,Kepler-1661 (AB) b,0.053,,175.06
1434,Kepler-167 d,0.006,0.107,21.803855
1435,Kepler-167 e,4.0,0.906,1071.23228
1436,Kepler-17 b,2.45,1.31,1.4857108
1437,Kepler-1705 b,0.01406,0.1811,9.03502
1438,Kepler-1705 c,0.01705,0.1829,11.28
1439,Kepler-1708 b,4.6,0.8886,737.1131
1440,Kepler-177 b,0.01837,0.312,35.8601
1441,Kepler-177 c,0.04625,0.779,49.40926
1442,Kepler-18 b,0.022,0.178,3.504725
1443,Kepler-18 c,0.054,0.49,7.64159
1444,Kepler-18 d,0.052,0.623,14.85888
1445,Kepler-19 b,0.02643,0.198,9.28716
1446,Kepler-19 c,0.04122,,28.731
1447,Kepler-19 d,0.0708,,62.95
1448,Kepler-197 c,0.017,0.11,10.349695
1449,Kepler-1970 b,2.1,,3.294601
1450,Kepler-20 b,0.03052,0.167,3.69611525
1451,Kepler-20 c,0.04012,0.272,10.85409089
1452,Kepler-20 d,0.03168,0.245,77.61130017
1453,Kepler-20 e,0.0097,0.077,6.09852281
1454,Kepler-20 f,0.045,0.089,19.57758478
1455,Kepler-20 g,0.0628,,34.94
1456,Kepler-21 b,0.01598,0.146,2.78578
1457,Kepler-22 b,0.113,0.212,289.8623
1458,Kepler-223 b,0.02328,0.267,7.38449
1459,Kepler-223 c,0.01605,0.307,9.84564
1460,Kepler-223 d,0.02517,0.467,14.78869
1461,Kepler-223 e,0.0151,0.41,19.72567
1462,Kepler-23 b,0.8,0.17,7.1073
1463,Kepler-23 c,2.7,0.285,10.7421
1464,Kepler-23 d,0.055,0.196,15.274299
1465,Kepler-238 e,0.534,0.5,23.654
1466,Kepler-238 f,0.042,0.178,50.447
1467,Kepler-24 b,1.6,0.214,8.1453
1468,Kepler-24 c,1.6,0.25,12.3335
1469,Kepler-25 b,0.0275,0.245,6.238297
1470,Kepler-25 c,0.0479,0.465,12.7207
1471,Kepler-25 d,0.226,,122.4
1472,Kepler-26 b,0.01611,0.248,12.28
1473,Kepler-26 c,0.01951,0.243,17.2559
1474,Kepler-27 b,9.11,0.357,15.3348
1475,Kepler-276 c,0.052,0.259,31.884
1476,Kepler-276 d,0.051,0.25,48.648
1477,Kepler-277 b,0.275,0.261,17.324
1478,Kepler-277 c,0.202,0.3,33.006
1479,Kepler-278 b,0.176,0.363,30.160546
1480,Kepler-278 c,0.1098,0.32,51.078775
1481,Kepler-279 c,0.155,0.384,35.736
1482,Kepler-279 d,0.118,0.277,54.414
1483,Kepler-28 b,1.51,0.321,5.9123
1484,Kepler-28 c,1.36,0.303,8.9858
1485,Kepler-282 d,0.192,0.219,24.806
1486,Kepler-282 e,0.177,0.277,44.347
1487,Kepler-289 b,0.023,0.192,34.545
1488,Kepler-289 c,0.013,1.034,125.8518
1489,Kepler-289 d,0.415,0.239,66.0634
1490,Kepler-29 b,0.01573,0.227,10.33974
1491,Kepler-29 c,0.01416,0.209,13.28613
1492,Kepler-30 b,0.036,0.348,29.33434
1493,Kepler-30 c,2.01,1.097,60.323105
1494,Kepler-30 d,0.073,0.785,143.34394
1495,Kepler-305 b,0.033,0.321,5.487
1496,Kepler-305 c,0.019,0.294,8.291
1497,Kepler-307 b,0.02341,0.217,10.4208
1498,Kepler-307 c,0.01145,0.196,13.0729
1499,Kepler-31 c,4.7,0.473,42.6318
1500,Kepler-31 d,6.8,0.348,87.6451
1501,Kepler-32 b,4.1,0.196,5.90124
1502,Kepler-32 c,0.5,0.178,8.7522
1503,Kepler-328 b,0.09,0.205,34.921
1504,Kepler-328 c,0.124,0.482,71.312
1505,Kepler-338 b,0.0963,0.218,13.726976
1506,Kepler-338 e,0.027,0.139,9.341
1507,Kepler-34 (AB) b,0.22,0.7637,288.822
1508,Kepler-35 (AB) b,0.1268,0.728,131.458
1509,Kepler-350 c,0.019,0.277,17.849
1510,Kepler-350 d,0.047,0.25,26.136
1511,Kepler-36 b,0.01205,0.134,13.86825
1512,Kepler-36 c,0.02243,0.328,16.21865
1513,Kepler-37 b,0.01,0.026,13.36731
1514,Kepler-37 c,0.03776,0.067,21.302
1515,Kepler-37 d,0.017,0.173,39.7922
1516,Kepler-38 (AB) b,0.38,0.39,105.595
1517,Kepler-391 c,1.416,0.316,20.485435
1518,Kepler-396 b,0.238,0.312,42.994
1519,Kepler-396 c,0.056,0.473,88.505
1520,Kepler-4 b,0.077,0.357,3.21346
1521,Kepler-40 b,2.2,1.17,6.87349
1522,Kepler-406 b,0.02,0.128,2.42629
1523,Kepler-406 c,0.00853,0.076,4.62332
1524,Kepler-407 b,0.01007,0.095,0.66931
1525,Kepler-407 c,12.6,,3000.0
1526,Kepler-408 b,0.02,0.073,2.46502
1527,Kepler-409 b,0.0692,0.106,68.9584
1528,Kepler-41 b,0.56,1.29,1.8555582
1529,Kepler-411 b,0.08055,0.214,3.005156
1530,Kepler-411 c,0.08306,0.394,7.834435
1531,Kepler-411 d,0.04782,0.296,58.02035
1532,Kepler-411 e,0.03398,,31.509728
1533,Kepler-412 b,0.941,1.341,1.7208604
1534,Kepler-413 (AB) b,0.211,0.3881,66.262
1535,Kepler-414 b,0.011,0.153,4.7
1536,Kepler-414 c,0.094,0.269,7.171
1537,Kepler-415 b,0.377,0.108,4.176
1538,Kepler-416 b,0.183,0.221,6.319
1539,Kepler-417 b,0.035,0.206,12.331
1540,Kepler-418 b,1.1,1.2,86.67856
1541,Kepler-419 b,2.5,0.96,69.7546
1542,Kepler-419 c,7.3,,675.47
1543,Kepler-42 b,0.009,0.07,1.2137672
1544,Kepler-42 c,0.006,0.065,0.45328509
1545,Kepler-42 d,0.003,0.051,1.865169
1546,Kepler-422 b,0.43,1.15,7.8914483
1547,Kepler-423 b,0.595,1.192,2.6843285
1548,Kepler-424 b,1.03,0.89,3.3118644
1549,Kepler-424 c,6.97,,223.3
1550,Kepler-425 b,0.25,0.978,3.79701816
1551,Kepler-426 b,0.34,1.09,3.21751883
1552,Kepler-427 b,0.29,1.23,10.290994
1553,Kepler-428 b,1.27,1.08,3.52563254
1554,Kepler-43 b,3.23,1.219,3.0240949
1555,Kepler-432 b,5.41,1.145,52.501129
1556,Kepler-432 c,2.43,,406.2
1557,Kepler-433 b,2.82,1.45,5.33408384
1558,Kepler-434 b,2.86,1.13,12.8747099
1559,Kepler-435 b,0.84,1.99,8.6001536
1560,Kepler-44 b,1.0,1.09,3.2467293
1561,Kepler-445 b,0.02,0.14,2.984151
1562,Kepler-445 c,0.027,0.22,4.871229
1563,Kepler-445 d,0.011,0.11,8.15275
1564,Kepler-446 b,0.014,0.13,1.565409
1565,Kepler-446 c,0.009,0.1,3.036179
1566,Kepler-446 d,0.01,0.12,5.148921
1567,Kepler-447 b,1.37,1.65,7.79430132
1568,Kepler-45 b,0.505,0.96,2.455239
1569,Kepler-451 b,1.86,,406.0
1570,Kepler-451 c,1.61,,1800.0
1571,Kepler-451 d,1.76,,43.0
1572,Kepler-453 (AB) b,0.03,0.55,240.503
1573,Kepler-454 b,0.0215,0.21,10.57
1574,Kepler-454 c,4.46,,523.9
1575,Kepler-46 b,6.0,0.808,33.60134
1576,Kepler-46 c,0.376,,57.011
1577,Kepler-462 b,0.16959,0.268,84.6866
1578,Kepler-462 c,0.01888,0.357,207.62
1579,Kepler-47 (AB) d,0.05984,0.6281,187.35
1580,Kepler-48 b,0.0124,0.168,4.778
1581,Kepler-48 c,0.04597,0.242,9.67395
1582,Kepler-48 d,0.025,0.182,42.8961
1583,Kepler-48 e,2.067,,982.0
1584,Kepler-49 b,0.98,0.243,7.2037945
1585,Kepler-49 c,0.72,0.227,10.9129343
1586,Kepler-5 b,2.111,1.426,3.5484657
1587,Kepler-50 b,0.1,0.153,7.81254
1588,Kepler-50 c,0.11,0.194,9.37647
1589,Kepler-51 b,0.007,0.633,45.154
1590,Kepler-51 c,0.013,0.803,85.312
1591,Kepler-51 d,0.024,0.865,130.194
1592,Kepler-52 b,8.7,0.187,7.8773565
1593,Kepler-52 c,10.41,0.164,16.3850021
1594,Kepler-538 b,0.03335,0.198,81.73778
1595,Kepler-539 b,0.97,0.747,125.63243
1596,Kepler-539 c,2.4,,1000.0
1597,Kepler-54 b,0.92,0.187,8.0109434
1598,Kepler-54 c,0.37,0.11,12.0717249
1599,Kepler-55 b,1.49,0.217,27.9481449
1600,Kepler-55 c,1.11,0.197,42.1516418
1601,Kepler-56 b,0.0944,0.581,10.5016
1602,Kepler-56 c,0.614,0.874,21.40239
1603,Kepler-56 d,5.61,,1002.0
1604,Kepler-57 c,6.95,0.138,11.6092567
1605,Kepler-58 b,1.39,0.248,10.2184954
1606,Kepler-58 c,2.19,0.255,15.5741568
1607,Kepler-59 b,2.05,0.098,11.8681707
1608,Kepler-59 c,1.37,0.177,17.9801235
1609,Kepler-595 b,0.05475,0.331,25.3029092
1610,Kepler-595 c,0.01038,0.09,12.38602
1611,Kepler-6 b,0.668,1.304,3.2346996
1612,Kepler-60 b,0.01318,0.153,7.1334
1613,Kepler-60 c,0.01211,0.17,8.9187
1614,Kepler-60 d,0.01309,0.178,11.8981
1615,Kepler-62 b,0.028,0.117,5.714932
1616,Kepler-62 c,0.0126,0.048,12.4417
1617,Kepler-62 d,0.044,0.174,18.16406
1618,Kepler-62 e,0.113,0.144,122.3874
1619,Kepler-62 f,0.11,0.126,267.291
1620,Kepler-63 b,0.378,0.545,9.4341505
1621,Kepler-64 (AB) b,0.53,0.553,138.506
1622,Kepler-65 c,0.084,0.23,5.859944
1623,Kepler-65 d,0.034,0.136,8.13123
1624,Kepler-65 e,0.653,,258.8
1625,Kepler-66 b,0.047,0.25,17.815815
1626,Kepler-67 b,0.047,0.262,15.7259
1627,Kepler-68 b,0.02407,0.206,5.3988
1628,Kepler-68 c,0.00642,0.0827,9.6051
1629,Kepler-68 d,0.77,,634.6
1630,Kepler-7 b,0.441,1.622,4.8854892
1631,Kepler-74 b,0.63,0.96,7.340711
1632,Kepler-75 b,10.1,1.05,8.8849116
1633,Kepler-76 b,2.01,1.36,1.5449298
1634,Kepler-77 b,0.43,0.96,3.57878087
1635,Kepler-78 b,0.00619,0.1,0.35500744
1636,Kepler-79 b,0.0343,0.31,13.4845
1637,Kepler-79 c,0.019,0.332,27.4029
1638,Kepler-79 d,0.019,0.639,52.0902
1639,Kepler-79 e,0.013,0.311,81.0659
1640,Kepler-8 b,0.59,1.416,3.5224991
1641,Kepler-80 b,0.0218,0.238,7.05246
1642,Kepler-80 c,0.02121,0.244,9.52355
1643,Kepler-80 d,0.02124,0.136,3.07222
1644,Kepler-80 e,0.01299,0.143,4.64489
1645,Kepler-82 b,0.03823,0.363,26.44
1646,Kepler-82 c,0.04373,0.476,51.54
1647,Kepler-82 f,0.06576,,75.732
1648,Kepler-85 b,0.0465,0.176,8.306
1649,Kepler-85 c,0.059,0.194,12.513
1650,Kepler-86 b,0.34235,0.8466,282.5254
1651,Kepler-87 b,1.02,1.204,114.73635
1652,Kepler-87 c,0.02,0.548,191.2318
1653,Kepler-88 d,3.05,,1403.0
1654,Kepler-89 b,0.033,0.153,3.743208
1655,Kepler-89 c,0.049,0.385,10.423648
1656,Kepler-89 d,0.334,1.005,22.342989
1657,Kepler-89 e,0.11,0.585,54.32031
1658,Kepler-9 b,0.13655,0.74,19.23891
1659,Kepler-9 c,0.09408,0.721,38.9853
1660,Kepler-9 d,0.016518264481,0.146,1.592851
1661,Kepler-91 b,0.81,1.367,6.24658
1662,Kepler-92 b,0.202,0.313,13.749
1663,Kepler-92 c,0.019,0.232,26.723
1664,Kepler-93 b,0.0143,0.14,4.72674
1665,Kepler-93 c,3.0,,1460.0
1666,Kepler-94 b,0.034,0.313,2.50806
1667,Kepler-94 c,9.836,,820.3
1668,Kepler-95 b,0.041,0.305,11.5231
1669,Kepler-96 b,0.027,0.238,16.2385
1670,Kepler-97 b,0.011,0.132,2.58664
1671,Kepler-97 c,1.08,,789.0
1672,Kepler-98 b,0.011,0.178,1.54168
1673,Kepler-99 b,0.019,0.132,4.60358
1674,L 168-9 b,0.0145,0.124,1.4015
1675,L 98-59 b,0.0013,0.0758,2.2531136
1676,L 98-59 c,0.00698,0.12356,3.6906777
1677,L 98-59 d,0.0061,0.1357,7.4507245
1678,L 98-59 e,0.00963,,12.796
1679,L2 Pup b,12.0,,
1680,LHS 1140 b,0.02196,0.15407,24.736
1681,LHS 1140 c,0.00569,0.11437,3.777931
1682,LHS 1478 b,0.00733,0.1106,1.9495378
1683,LHS 1678 b,0.00019,0.06209,0.8602322
1684,LHS 1678 c,0.00123,0.08761,3.694237
1685,LHS 1815 b,0.0132,0.09707,3.81433
1686,LKCA 15 b,6.0,,40000.0
1687,LP 714-47 b,0.0969,0.419,4.052037
1688,LP 890-9 b,0.0415,0.1178,2.7299025
1689,LP 890-9 c,0.0796,0.12196,8.457463
1690,LSPM J2116+0234 b,0.042,,14.446
1691,LTT 1445A b,0.00903,0.11643,5.3587657
1692,LTT 1445A c,0.00485,0.10233,3.1239035
1693,LTT 3780 b,0.00982,0.11883,0.7683881
1694,LTT 3780 c,0.0267,0.205,12.252048
1695,LTT 9779 b,0.09225,0.4211,0.792052
1696,Lalande 21185 b,0.00846,,12.946
1697,Lalande 21185 c,0.057,,3190.0
1698,Lupus-TR-3 b,0.81,0.89,3.91405
1699,MASCARA-1 b,3.7,1.5,2.14878
1700,MASCARA-2 b/KELT-20 b,3.518,1.83,3.4741085
1701,MASCARA-3 b,5.18,1.272,5.5514926
1702,MOA-2007-BLG-192L b,0.01,,
1703,MOA-2007-BLG-400L b,1.71,,
1704,MOA-2008-BLG-310L b,0.233,,
1705,MOA-2008-BLG-379L b,4.1,,
1706,MOA-2009-BLG-266L b,0.0327,,2780.0
1707,MOA-2009-BLG-319L b,0.208,,
1708,MOA-2009-BLG-387L b,2.6,,1970.0
1709,MOA-2010-BLG-073L b,11.0,,
1710,MOA-2010-BLG-117 b,0.51,,
1711,MOA-2010-BLG-328L b,0.029,,
1712,MOA-2010-BLG-353L b,0.27,,
1713,MOA-2010-BLG-477L b,1.4,,
1714,MOA-2011-BLG-028L b,0.094,,
1715,MOA-2011-BLG-262L b,0.0566340496492,,
1716,MOA-2011-BLG-274 b,0.8,,
1717,MOA-2011-BLG-291 b,0.085,,
1718,MOA-2011-BLG-293L b,4.8,,
1719,MOA-2011-BLG-322L b,7.8,,
1720,MOA-2012-BLG-006 b,8.4,,
1721,MOA-2012-BLG-505L b,6.7,,
1722,MOA-2013-BLG-220L b,2.74,,
1723,MOA-2013-BLG-605L b,0.066,,
1724,MOA-2014-BLG-472 b,1.9,,
1725,MOA-2015-BLG-337 a,9.8,,
1726,MOA-2015-BLG-337 b,0.106,,
1727,MOA-2016-BLG-227L b,2.3,,
1728,MOA-2016-BLG-231 b,9.0,,
1729,MOA-2016-BLG-319L b,0.62,,
1730,MOA-2020-BLG-135 b,0.0356,,
1731,MOA-2020-BLG-208 b,0.2168,,
1732,MOA-bin-1L b,3.7,,
1733,MOA-bin-29 b,0.55,,
1734,NGC 2423 3 b,10.6,,714.3
1735,NGTS-1 b,0.812,1.33,2.647298
1736,NGTS-10 b,2.162,1.205,0.7668944
1737,NGTS-11 b,0.37,0.823,35.455285
1738,NGTS-12 b,0.208,1.048,7.532806
1739,NGTS-13 b,4.84,1.142,4.119027
1740,NGTS-14A b,0.092,0.44,3.5357173
1741,NGTS-15 b,0.751,1.1,3.27623
1742,NGTS-16 b,0.667,1.3,4.84532
1743,NGTS-17 b,0.764,1.24,3.24253
1744,NGTS-18 b,0.409,1.21,3.05125
1745,NGTS-2 b,0.67,1.536,4.5111204
1746,NGTS-20 b,2.98,1.07,54.18915
1747,NGTS-21 b,2.36,1.33,1.5433897
1748,NGTS-3A b,2.38,1.48,1.6753728
1749,NGTS-4 b,0.0648,0.2837,1.3373508
1750,NGTS-5 b,0.229,1.136,3.3569866
1751,NGTS-6 b,1.33,1.271,0.882058
1752,NGTS-8 b,0.93,1.09,2.4997
1753,NGTS-9 b,2.9,1.07,4.43527
1754,NN Ser (AB) c,6.91,,5660.0
1755,NN Ser (AB) d,2.28,,2830.0
1756,NY Vir (AB) b,2.78,,2987.745
1757,NY Vir (AB) c,4.49,,9861.75
1758,OGLE--2018-BLG-0516 b,0.0632,,
1759,OGLE-2003-BLG-235L b,2.6,,
1760,OGLE-2005-071L b,3.5,,3600.0
1761,OGLE-2005-169L b,0.0444,,
1762,OGLE-2005-390L b,0.017,,3500.0
1763,OGLE-2006-109L b,0.727,,1790.0
1764,OGLE-2006-109L c,0.271,,4931.0
1765,OGLE-2006-BLG-284 b,0.453,,
1766,OGLE-2007-BLG-349L (AB) b,0.25,,
1767,OGLE-2007-BLG-368L b,0.0694,,
1768,OGLE-2008-BLG-092L A b,0.18,,
1769,OGLE-2008-BLG-355L b,4.6,,
1770,OGLE-2009-BLG-151L b,7.5,,
1771,OGLE-2011-BLG-0173L b,0.19,,
1772,OGLE-2011-BLG-0251L b,0.96,,
1773,OGLE-2011-BLG-0265L b,0.88,,
1774,OGLE-2011-BLG-0420L b,9.4,,
1775,OGLE-2012-BLG-0026L b,0.11,,
1776,OGLE-2012-BLG-0026L c,0.68,,
1777,OGLE-2012-BLG-0358L b,1.85,,
1778,OGLE-2012-BLG-0406L b,2.73,,
1779,OGLE-2012-BLG-0563L b,0.39,,
1780,OGLE-2012-BLG-0724L b,0.47,,
1781,OGLE-2012-BLG-0838 b,0.25,,
1782,OGLE-2012-BLG-0950L b,0.11,,
1783,OGLE-2012-BLG-1323,0.0072,,
1784,OGLE-2013-BLG-0132L b,0.29,,
1785,OGLE-2013-BLG-0341L b,0.00522291791209,,
1786,OGLE-2013-BLG-0911L b,10.08,,
1787,OGLE-2013-BLG-1721L b,0.64,,
1788,OGLE-2013-BLG-1761L b,2.8,,
1789,OGLE-2014-BLG-0124L b,0.64,,
1790,OGLE-2014-BLG-0319 b,0.57,,
1791,OGLE-2014-BLG-0676L b,3.68,,
1792,OGLE-2014-BLG-1186L b,0.142,,
1793,OGLE-2014-BLG-1722L b,0.174,,
1794,OGLE-2014-BLG-1722L c,0.2633,,
1795,OGLE-2014-BLG-1760L b,0.573,,
1796,OGLE-2015-BLG-0051L b,0.72,,
1797,OGLE-2015-BLG-0954L b,4.4,,
1798,OGLE-2015-BLG-0966L b,0.066,,
1799,OGLE-2015-BLG-1649 b,2.54,,
1800,OGLE-2015-BLG-1670L b,0.0563,,
1801,OGLE-2015-BLG-1771L b,0.433,,
1802,OGLE-2016-BLG-0263L b,4.1,,
1803,OGLE-2016-BLG-0613L (AB) b,4.18,,
1804,OGLE-2016-BLG-1067L b,0.43,,
1805,OGLE-2016-BLG-1093L b,0.71,,
1806,OGLE-2016-BLG-1195L b,0.0045,,
1807,OGLE-2016-BLG-1227 b,0.79,,
1808,OGLE-2016-BLG-1266L b,11.9,,
1809,OGLE-2016-BLG-1928,0.0009,,
1810,OGLE-2016-BLG-596L b,12.2,,
1811,OGLE-2017-BLG-0173L b,9.08,,
1812,OGLE-2017-BLG-0406 b,0.41,,
1813,OGLE-2017-BLG-0482 b,9.0,,
1814,OGLE-2017-BLG-0560,1.9,,
1815,OGLE-2017-BLG-0604 b,0.51,,
1816,OGLE-2017-BLG-1049 b,5.53,,
1817,OGLE-2017-BLG-1099 b,3.02,,
1818,OGLE-2017-BLG-1140L b,1.63,,
1819,OGLE-2017-BLG-1375 b,10.33,,
1820,OGLE-2017-BLG-1434L b,0.014,,
1821,OGLE-2017-BLG-1522L b,0.75,,
1822,OGLE-2018-BLG-0298 b,0.14,,
1823,OGLE-2018-BLG-0383 b,0.0201,,
1824,OGLE-2018-BLG-0506 b,0.0513,,
1825,OGLE-2018-BLG-0532 b,0.019636,,
1826,OGLE-2018-BLG-0567L b,0.32,,
1827,OGLE-2018-BLG-0596 b,0.0267,,
1828,OGLE-2018-BLG-0677L b,0.01246,,
1829,OGLE-2018-BLG-0740L b,4.5,,3100.0
1830,OGLE-2018-BLG-0799 b,0.41,,
1831,OGLE-2018-BLG-0932/KMT-2018-BLG-2087/MOA-2018-BLG-163 b,0.89,,
1832,OGLE-2018-BLG-0962,1.37,,
1833,OGLE-2018-BLG-0977 b,0.0201,,
1834,OGLE-2018-BLG-1119 b,0.91,,
1835,OGLE-2018-BLG-1126/KMT-2018-BLG-2064 b,0.056,,
1836,OGLE-2018-BLG-1185 b,0.0264,,
1837,OGLE-2018-BLG-1212/MOA-2018-BLG-365/KMT-2018-BLG-2299,0.2,,
1838,OGLE-2018-BLG-1269L b,0.69,,
1839,OGLE-2018-BLG-1367/KMT62018-BLG-0914,0.95,,
1840,OGLE-2018-BLG-1428L b,0.77,,
1841,OGLE-2018-BLG-1544 b,11.2,,
1842,OGLE-2018-BLG-1647/KMT-2018-BLG-2060,0.97,,
1843,OGLE-2018-BLG-1700L b,4.4,,
1844,OGLE-2018BLG-1011L b,1.8,,
1845,OGLE-2018BLG-1011L c,2.8,,
1846,OGLE-2019-BLG-0299 b,6.22,,
1847,OGLE-2019-BLG-0362 b,3.3,,
1848,OGLE-2019-BLG-0468L b,3.43,,
1849,OGLE-2019-BLG-0468L c,10.22,,
1850,OGLE-2019-BLG-0551,0.0242,,
1851,OGLE-2019-BLG-0960 b,0.00708,,
1852,OGLE-2019-BLG-1053L b,0.0078,,
1853,OGLE-2019-BLG-1470LAB b,2.2,,
1854,OGLE-2019-BLG-1492 b,0.1167,,
1855,OGLE-GD-ECL-11388 b,12.5,,3250.0
1856,OGLE-TR-10 b,0.68,1.72,3.10129
1857,OGLE-TR-111 b,0.54,1.077,4.01451
1858,OGLE-TR-113 b,1.24,1.11,1.4324772
1859,OGLE-TR-132 b,1.17,1.23,1.689868
1860,OGLE-TR-182 b,1.06,1.47,3.9791
1861,OGLE-TR-211 b,0.75,1.26,3.67724
1862,OGLE-TR-56 b,1.3,1.2,1.211909
1863,OGLE2-TR-L9 b,4.34,1.614,2.4855335
1864,OY Car b,8.48,,
1865,Oph 98 b,7.8,1.86,8035500.0
1866,PDS 70 b,7.0,,45108.0
1867,PDS 70 c,4.4,,69945.0
1868,POTS-1 b,2.31,0.941,3.1606296
1869,PSR 0636 b,8.0,,0.067
1870,PSR 1257 12 b,7e-05,,25.262
1871,PSR 1257 12 c,0.013,,66.5419
1872,PSR 1257 12 d,0.012,,98.2114
1873,PSR 1719-14 b,1.0,0.4,0.090706293
1874,PSR B0329+54 b,0.0062,,10139.34
1875,PSR B0943+10 b,2.8,,730.0
1876,PSR B0943+10 c,2.6,,1460.0
1877,PSR B1620-26 (AB) b,2.5,,36525.0
1878,PSR J1311-3430 b,12.0,,0.065115
1879,PSR J1807-2459 A b,9.4,,0.07
1880,PSR J2241-5236 b,12.0,,0.1456722395
1881,PSR J2322-2650 b,0.7949,,0.322964
1882,Pr 0201 b,0.54,,4.4264
1883,Pr 0211 b,1.88,,2.14609
1884,Pr 0211 c,7.95,,5300.0
1885,Proxima Centauri b,0.00337,,11.1881
1886,Proxima Centauri d,0.00082,,5.167
1887,QZ Ser b,0.63,,1.04
1888,Qatar-1 b,1.294,1.143,1.42002504
1889,Qatar-10 b,0.736,1.534,1.645321
1890,Qatar-2 b,2.494,1.254,1.33711647
1891,Qatar-3 b,4.31,1.096,2.5079204
1892,Qatar-4 b,5.85,1.552,1.8053949
1893,Qatar-5 b,4.32,1.107,2.8792319
1894,Qatar-6 A b,0.668,1.062,3.506189
1895,Qatar-7 b,1.88,1.7,2.032046
1896,Qatar-8 b,0.371,1.285,3.71495
1897,Qatar-9 b,1.19,1.009,1.540731
1898,ROXs 42B (AB) b,9.0,2.5,
1899,RR Cae (AB) b,3.0,,5479.0
1900,Ross 128 b,0.0044,,9.8658
1901,Ross 458 (AB) c,11.3,1.07,
1902,Ross 508 b,0.01249,,10.77
1903,S Ori 68,5.0,,
1904,SAND 364 b,1.54,,121.71
1905,SDSS J1110+0116,11.0,1.18,
1906,SIMP0136+0933,12.7,,
1907,SWEEPS-04 b,3.8,0.81,4.2
1908,SWEEPS-11 b,9.7,1.13,1.796
1909,Sand 178 b,10.4,,123.93
1910,TAP 26 b,1.73,,10.91
1911,TCP J050742+244755 b,0.06,,
1912,TIC 156514476.01,0.02973,,14.42177
1913,TIC 172900988 (AB) b,2.84,0.9876,188.763
1914,TIC 237913194 b,1.942,1.117,15.168865
1915,TOI-1062 b,0.032,0.20198,4.11412
1916,TOI-1062 c,9.35,,
1917,TOI-1064 b,0.0425,0.2308,6.443868
1918,TOI-1064 c,0.0079,0.23651,12.226574
1919,TOI-1075 b,0.013,0.1534,0.6047328
1920,TOI-1107 b,3.35,1.3,4.0782387
1921,TOI-1130 c,0.974,1.5,8.350381
1922,TOI-1181 b,1.18,1.3,2.103195
1923,TOI-1201 b,0.01976,0.21545,2.4919863
1924,TOI-122 b,0.0277,0.2427,5.07803
1925,TOI-1221 b,3.5,0.2596,91.68278
1926,TOI-1231 b,0.0485,0.3256,24.245586
1927,TOI-1235 b,0.0186,0.15113,3.444717
1928,TOI-1238 b,0.01183,0.1079,0.764597
1929,TOI-1238 c,0.02618,0.1882,3.294736
1930,TOI-1246 b,0.0255,0.2685,4.30744
1931,TOI-1246 c,0.0277,0.2239,5.904144
1932,TOI-1246 d,0.0167,0.3131,18.6559
1933,TOI-1246 e,0.0466,0.3372,37.9216
1934,TOI-125 b,0.0299,0.2432,4.65382
1935,TOI-125 c,0.02086,0.24614,9.15059
1936,TOI-125 d,0.0428,0.2614,19.98
1937,TOI-1259A b,0.441,1.022,3.47798
1938,TOI-1260 b,0.02709,0.20832,3.12748
1939,TOI-1260 c,0.03725,0.2516,7.49325
1940,TOI-1266 b,0.05,0.2114,10.894843
1941,TOI-1266 c,0.0201,0.1392,18.80151
1942,TOI-1268 b,0.29,0.82,8.1577094
1943,TOI-1272 b,0.0774,0.3693,3.31599
1944,TOI-1272 c,0.084,,8.689
1945,TOI-1296 b,0.298,1.231,3.9443715
1946,TOI-1298 b,0.356,0.841,4.537164
1947,TOI-132 b,0.07183,0.306,2.1097008
1948,TOI-1333 b,2.37,1.396,4.720219
1949,TOI-1338 b,0.095,0.5986,95.141
1950,TOI-1411 b,0.0079,0.1213,1.4520358
1951,TOI-1422 b,0.028,0.3533,12.9972
1952,TOI-1422 c,0.0349,,29.29
1953,TOI-1430 b,0.022,0.187,7.434162
1954,TOI-1431 b/MASCARA-5 b,3.14,1.508,2.65022
1955,TOI-1442 b,0.005,0.1044,0.41
1956,TOI-1444 b,0.01218,0.12463,0.4702694
1957,TOI-1444 c,11.8,,16.086
1958,TOI-1452 b,0.01517,0.14917,11.06201
1959,TOI-1468 b,0.0101,0.1142,1.8805136
1960,TOI-1468 c,0.02089,0.18414,15.532482
1961,TOI-1478 b,0.847,1.06,10.180249
1962,TOI-150 b,2.51,1.255,5.857487
1963,TOI-1516 b,3.16,1.36,2.056014
1964,TOI-1518 b,2.3,1.875,1.902603
1965,TOI-157 b,1.18,1.286,2.0845435
1966,TOI-1601 b,0.99,1.239,5.331751
1967,TOI-163 b,1.22,1.489,4.231306
1968,TOI-1634 b,0.01545,0.1597,0.989343
1969,TOI-1669 b,0.0132,0.214,2.68005
1970,TOI-1669 c,0.602,,501.0
1971,TOI-1670 b,0.0434,0.1838,10.98462
1972,TOI-1670 c,0.63,0.987,40.74976
1973,TOI-1683 b,0.025,0.205,1.05752578
1974,TOI-1685 b,0.01189,0.152,0.6691403
1975,TOI-169 b,0.791,1.086,2.2554477
1976,TOI-1693 b,0.0088,0.1258,1.7666957
1977,TOI-1694 b,0.0979,0.4853,3.77015
1978,TOI-1694 c,0.929,,393.2
1979,TOI-1696 b,0.1787,0.2891,2.50031
1980,TOI-1710 b,0.089,0.4764,24.283429
1981,TOI-172 b,5.41,0.965,9.47721
1982,TOI-1728 b,0.08426,0.4505,3.49151
1983,TOI-1749 b,0.06,0.124,2.38839
1984,TOI-1749 c,0.0066,0.1891,4.4929
1985,TOI-1749 d,0.0135,0.2248,9.0497
1986,TOI-1759 b,0.0214,0.273,18.849975
1987,TOI-178 b,0.00472,0.10278,1.914558
1988,TOI-178 c,0.01501,0.1489,3.23845
1989,TOI-178 d,0.00947,0.22946,6.5577
1990,TOI-178 e,0.01214,0.1969,9.961881
1991,TOI-178 f,0.02429,0.20403,15.231915
1992,TOI-178 g,0.0124,0.256,20.7095
1993,TOI-1789 b,0.7,1.4,3.208666
1994,TOI-1807 b,0.00714,0.1222,0.549229
1995,TOI-1811 b,0.974,1.0,3.7130818
1996,TOI-1820 b,2.3,1.12,4.8607
1997,TOI-1842 b,0.214,1.04,9.5739
1998,TOI-1860 b,0.0069,0.1169,1.062107
1999,TOI-1899 b,0.66,1.37,29.02
2000,TOI-2000 b,0.0324,0.2355,3.098331
2001,TOI-2000 c,0.2382,0.711,9.1270553
2002,TOI-201 b,0.42,1.0,52.97818
2003,TOI-2025 b,4.4,1.12,8.872086
2004,TOI-2046 b,2.3,1.44,1.4971842
2005,TOI-206 b,0.0069,0.116,0.7363104
2006,TOI-2081 b,0.016,0.182,10.50534
2007,TOI-2109 b,5.02,1.347,0.67247414
2008,TOI-2136 b,0.0148,0.1865,7.85191
2009,TOI-2145 b,5.35,1.103,10.261081
2010,TOI-2152 b,2.83,1.281,3.3773512
2011,TOI-2154 b,0.92,1.453,3.6240801
2012,TOI-2158 b,0.82,0.96,8.60077
2013,TOI-216 b,0.059,0.6861,17.0968
2014,TOI-216 c,0.56,0.901,34.5516
2015,TOI-2180 b,2.755,1.01,260.158
2016,TOI-2184 b,0.65,1.017,6.90683
2017,TOI-2193 b,0.94,1.77,2.1225735
2018,TOI-2196 b,0.082,0.3131,1.1947268
2019,TOI-220 b,0.0428,0.2694,10.695264
2020,TOI-2202 b,0.978,1.0,11.9101
2021,TOI-2202 c,0.369,,24.6744
2022,TOI-2207 b,0.64,0.995,8.001968
2023,TOI-2236 b,1.58,1.282,3.5315902
2024,TOI-2257 b,0.0179,0.19574,35.189346
2025,TOI-2260 b,0.011,0.1445,0.3524728
2026,TOI-2285 b,0.0614,0.1552,27.26955
2027,TOI-2337 b,1.0,0.9,2.99432
2028,TOI-237 b,0.009,0.1285,5.436098
2029,TOI-2406 b,0.0286,0.2623,3.0766896
2030,TOI-2411 b,0.0123,0.1499,0.7826942
2031,TOI-2421 b,0.333,0.924,4.474032
2032,TOI-2427 b,0.0129,0.161,1.3060011
2033,TOI-2445 b,0.006,0.1115,0.3711281
2034,TOI-2497 b,5.21,1.0,10.655661
2035,TOI-251 b,1.0,0.2444,4.93777
2036,TOI-2567 b,0.2,0.975,5.983944
2037,TOI-257 b,0.134,0.626,18.38827
2038,TOI-2669 b,0.61,1.76,6.2034
2039,TOI-269 b,0.0277,0.2471,3.6977104
2040,TOI-270 b,0.006,0.11125,3.36008
2041,TOI-270 c,0.0208,0.2159,5.660172
2042,TOI-270 d,0.017,0.19,11.38014
2043,TOI-3331 b,2.27,1.158,2.0180231
2044,TOI-3362 b,5.029,1.142,18.09547
2045,TOI-3540 b,1.18,2.1,3.119999
2046,TOI-3629 b,0.26,0.74,3.936551
2047,TOI-3693 b,1.02,1.124,8.088516
2048,TOI-3714 b,0.7,1.01,2.154849
2049,TOI-3757 b,0.2684,1.07,3.438753
2050,TOI-402 b,0.0227,0.1516,4.75642
2051,TOI-402 c,0.02766,0.225,17.1784
2052,TOI-4137 b,1.01,1.211,3.8016122
2053,TOI-4138 b,0.67,1.49,3.660028
2054,TOI-421 b,0.05107,0.4612,16.06815
2055,TOI-421 c,0.02218,0.2427,5.19676
2056,TOI-431 b,0.00966,0.1142,0.490047
2057,TOI-431 c,2.83,,4.8494
2058,TOI-431 d,0.0311,0.2935,12.46103
2059,TOI-4329 b,0.45,1.5,2.9233
2060,TOI-4479 b,0.0261,0.2516,1.1589
2061,TOI-4562 b,3.29,1.072,225.11757
2062,TOI-481 b,1.53,0.99,10.33111
2063,TOI-500 b,0.005,0.1035,0.5481579
2064,TOI-500 c,0.0146,,6.6299
2065,TOI-500 d,0.10553,,26.235
2066,TOI-500 e,0.03757,,60.33
2067,TOI-5153 b,3.26,1.06,20.33003
2068,TOI-5205 b,1.08,1.035,1.630757
2069,TOI-530 b,0.4,0.83,6.387597
2070,TOI-532 b,0.1935,0.5192,2.32666508
2071,TOI-544 b,0.016,0.1811,1.548351
2072,TOI-5542 b,1.32,1.009,75.12375
2073,TOI-558 b,3.61,1.086,14.574071
2074,TOI-559 b,6.01,1.091,6.9839095
2075,TOI-561 b,0.00705,0.1222,0.4465688
2076,TOI-561 c,0.0208,0.2596,10.778831
2077,TOI-561 d,0.03823,0.2516,25.7124
2078,TOI-561 e,0.0428,0.2275,77.03
2079,TOI-564 b,1.463,1.02,1.651144
2080,TOI-620 b,0.0485,0.3354,5.0988179
2081,TOI-628 b,6.33,1.06,3.4095675
2082,TOI-640 b,0.88,1.771,5.0037775
2083,TOI-674 b,0.0739,0.4693,1.977143
2084,TOI-677 b,1.236,1.179,11.2366
2085,TOI-700 b,0.00406,0.0901,9.97701
2086,TOI-700 c,0.0249,0.2346,16.051998
2087,TOI-700 d,0.00711,0.1062,37.426
2088,TOI-712 b,0.0176,0.1828,9.531361
2089,TOI-712 c,0.0274,0.241,51.69906
2090,TOI-712 d,0.0236,0.22072,84.8396
2091,TOI-763 b,0.0308,0.2034,5.6057
2092,TOI-763 c,0.02932,0.2346,12.2737
2093,TOI-776 b,0.01466,0.1633,8.24664
2094,TOI-776 c,0.0192,0.1838,15.6653
2095,TOI-824 b,0.058104,0.26104,1.392978
2096,TOI-833 b,0.006,0.1133,1.04318777
2097,TOI-836 b,0.01425,0.15202,3.81673
2098,TOI-836 c,0.0302,0.2308,8.59545
2099,TOI-849 b,0.12299,0.30726,0.76552414
2100,TOI-892 b,0.95,1.07,10.62656
2101,TOI-905 b,0.667,1.171,3.739494
2102,TOI-942 b,2.599,0.4291,4.32419
2103,TOI-942 c,2.501,0.5166,10.15643
2104,TOI-954 b,0.174,0.852,3.6849729
2105,TRAPPIST-1 b,0.0027,0.09689,1.51087081
2106,TRAPPIST-1 c,0.00434,0.09421,2.4218233
2107,TRAPPIST-1 d,0.0013,0.0689,4.04961
2108,TRAPPIST-1 e,0.002,0.0819,6.099615
2109,TRAPPIST-1 f,0.0021,0.09323,9.20669
2110,TRAPPIST-1 g,0.00422,0.1005,12.35294
2111,TRAPPIST-1 h,0.001041,0.0674,20.0
2112,TVLM 513-46546 b,0.38,,220.0
2113,TYC 2187-512-1 b,0.34,,694.86
2114,TYC 3318-01333-1 b,3.42,,562.0
2115,TYC 3667-1280-1 b,5.4,,26.468
2116,TYC 4282-605-1 b,10.78,,101.54
2117,TYC 8998-760-1 c,6.0,,
2118,TYC+1422-614-1 b,2.51,,198.44
2119,TYC+1422-614-1 c,10.1,,569.2
2120,Teegarden's b,0.0033,,4.91
2121,Teegarden's c,0.00349,,11.409
2122,TrES-1 b,0.761,1.099,3.0300722
2123,TrES-2 A b,1.253,1.189,2.4706133738
2124,TrES-3 b,1.91,1.305,1.30618608
2125,TrES-4 b,0.917,1.706,3.5539268
2126,TrES-5 b,1.778,1.209,1.4822446
2127,UKIRT-2017-BLG-001 b,1.28,,
2128,ULAS1335,12.5,,
2129,ULASJ0034,12.5,,
2130,USco J155150.2-213457,8.0,,
2131,UZ For (AB) b,6.3,,5800.0
2132,UZ For (AB) c,7.7,,1900.0
2133,V 1298 Tau b,2.2,0.8217,24.1382
2134,V2051 Oph (AB) b,7.3,,
2135,V391 Peg b,3.2,,1170.0
2136,V470 Cam (AB) c,11.8,,4847.0
2137,WASP-1 b,0.947,1.514,2.5199448
2138,WASP-10 b,3.16,1.08,3.0927616
2139,WASP-100 b,2.03,1.69,2.849375
2140,WASP-101 b,0.5,1.41,3.585722
2141,WASP-102 b,0.624,1.259,2.709813
2142,WASP-103 b,1.49,1.528,0.925542
2143,WASP-104 b,1.272,1.137,1.7554137
2144,WASP-105 b,1.8,0.96,7.87288
2145,WASP-106 b,1.925,1.085,9.289715
2146,WASP-107 b,0.12,0.94,5.72149
2147,WASP-107 c,0.36,,1088.0
2148,WASP-108 b,1.167,1.215,2.6755463
2149,WASP-109 b,0.91,1.443,3.3190233
2150,WASP-110 b,0.515,1.238,3.7783977
2151,WASP-111 b,1.83,1.442,2.310965
2152,WASP-112 b,0.88,1.191,3.0353992
2153,WASP-113 b,0.475,1.409,4.54216874538
2154,WASP-114 b,1.769,1.339,1.5487743
2155,WASP-117 b,0.2755,1.021,10.02165
2156,WASP-118 b,0.514,1.44,4.0460435
2157,WASP-119 b,1.23,1.4,2.49979
2158,WASP-12 b,1.46,1.9,1.09141937
2159,WASP-120 b,5.01,1.515,3.6112706
2160,WASP-121 b,1.183,1.865,1.2749255
2161,WASP-122 b,1.372,1.792,1.7100567
2162,WASP-123 b,0.92,1.327,2.977641
2163,WASP-124 b,0.6,1.24,3.37265
2164,WASP-126 b,0.2841,0.96,3.2888
2165,WASP-126 c,0.202,,7.63
2166,WASP-127 b,0.18,1.37,4.178062
2167,WASP-129 b,1.0,0.93,5.748145
2168,WASP-13 b,0.485,1.365,4.353011
2169,WASP-130 b,1.23,0.89,11.55098
2170,WASP-131 b,0.27,1.22,5.322023
2171,WASP-132 b,0.41,0.8966,7.133514
2172,WASP-133 b,1.16,1.21,2.176423
2173,WASP-134 b,1.412,0.988,10.1467583
2174,WASP-134 c,0.7,,70.01
2175,WASP-135 b,1.9,1.3,1.4013794
2176,WASP-136 b,1.51,1.38,5.215357
2177,WASP-137 b,0.681,1.27,3.9080284
2178,WASP-138 b,1.09,,3.634433
2179,WASP-139 b,0.117,0.8,5.924262
2180,WASP-14 b,7.341,1.281,2.2437661
2181,WASP-140 b,2.44,1.44,2.2359835
2182,WASP-141 b,2.69,1.21,3.310651
2183,WASP-142 b,0.84,1.53,2.052868
2184,WASP-143 b,0.725,1.234,3.778873
2185,WASP-144 b,0.44,0.85,2.2783152
2186,WASP-145 A b,0.89,0.9,
2187,WASP-146 b,1.11,1.228,3.396944
2188,WASP-147 b,0.275,1.115,4.60273
2189,WASP-148 b,0.287,0.756,8.80345
2190,WASP-148 c,0.378,,34.55619
2191,WASP-15 b,0.542,1.428,3.7520656
2192,WASP-150 b,8.46,1.07,5.644207
2193,WASP-151 b,0.31,1.13,4.533471
2194,WASP-153 b,0.39,1.55,3.332609
2195,WASP-156 b,0.1303,0.554,3.8361603
2196,WASP-157 b,0.574,0.998,3.951623
2197,WASP-158 b,2.79,1.07,
2198,WASP-159 b,0.55,1.38,3.840401
2199,WASP-16 b,0.855,1.008,3.1186009
2200,WASP-160 B b,0.281,1.093,3.768495
2201,WASP-161 b,2.49,1.143,5.4060425
2202,WASP-162 b,5.2,1.0,9.62468
2203,WASP-163 b,1.87,1.202,1.6096884
2204,WASP-164 b,2.13,1.128,1.7771255
2205,WASP-165 b,0.658,1.26,3.465509
2206,WASP-166 b,0.102,0.6155,5.44354215
2207,WASP-167 b,8.0,1.51,2.0219591
2208,WASP-168 b,0.42,1.5,4.153658
2209,WASP-169 b,0.561,1.304,5.6114118
2210,WASP-17 b,0.486,1.991,3.735438
2211,WASP-170 b,1.6,1.096,2.34478022
2212,WASP-171 b,1.084,0.988,3.8186244
2213,WASP-172 b,0.47,1.57,5.477433
2214,WASP-174 b,0.33,1.437,4.2337005
2215,WASP-175 b,0.99,1.208,3.0652907
2216,WASP-176 b,0.855,1.505,3.899052
2217,WASP-177 b,0.508,1.58,3.071722
2218,WASP-178 b,1.41,1.94,3.3448285
2219,WASP-18 b,10.4296,1.165,0.9414518
2220,WASP-18 c,0.1737,,2.1558
2221,WASP-180 A b,0.8,1.29,3.409265
2222,WASP-181 b,0.299,1.184,4.5195064
2223,WASP-182 b,0.148,0.85,3.3769848
2224,WASP-183 b,0.502,1.47,4.1117771
2225,WASP-184 b,0.57,1.33,5.1817
2226,WASP-185 b,0.98,1.25,9.38755
2227,WASP-186 b,4.22,1.11,5.026799
2228,WASP-187 b,0.8,1.64,5.147878
2229,WASP-189 b,1.99,1.619,2.724033
2230,WASP-19 b,1.139,1.41,0.78884
2231,WASP-190 b,1.0,1.15,5.367753
2232,WASP-192 b,2.3,1.23,2.8786765
2233,WASP-2 A b,0.847,1.079,2.15222144
2234,WASP-20 A b,0.313,1.459,4.8996285
2235,WASP-21 b,0.3,1.21,4.3225126
2236,WASP-22 b,0.617,1.199,3.5327313
2237,WASP-23 b,0.884,0.962,2.9444256
2238,WASP-24 b,1.071,1.3,2.3412127
2239,WASP-25 b,0.58,1.26,3.76483
2240,WASP-26 b,1.028,1.281,2.7566004
2241,WASP-28 b,0.907,1.213,3.40883
2242,WASP-29 b,0.243,0.775,3.92271218
2243,WASP-3 b,2.06,1.454,1.8468372
2244,WASP-31 b,0.478,1.537,3.405909
2245,WASP-32 b,3.6,1.18,2.71865
2246,WASP-33 b,2.8,1.603,1.21986967
2247,WASP-34 b,0.59,1.22,4.3176782
2248,WASP-35 b,0.72,1.32,3.161575
2249,WASP-36 b,2.279,1.269,1.5373653
2250,WASP-37 b,1.8,1.16,3.577471
2251,WASP-38 b,2.712,1.079,6.871815
2252,WASP-39 b,0.28,1.27,4.055259
2253,WASP-4 b,1.1974,1.3846,1.338231602
2254,WASP-41 b,0.94,1.18,3.052404
2255,WASP-41 c,3.18,,421.0
2256,WASP-42 b,0.5,1.08,4.9816872
2257,WASP-43 b,2.034,1.036,0.81347753
2258,WASP-44 b,0.889,1.14,2.4238039
2259,WASP-45 b,1.007,1.16,3.1260876
2260,WASP-46 b,2.101,1.31,1.43037
2261,WASP-47 b,1.14243,1.127,4.1591289
2262,WASP-47 c,1.31,,596.0
2263,WASP-47 d,0.04122,0.319,9.03077
2264,WASP-47 e,0.02149,0.161,0.789592
2265,WASP-48 b,0.98,1.67,2.143634
2266,WASP-49 A b,0.378,1.115,2.7817387
2267,WASP-5 b,1.637,1.171,1.6284246
2268,WASP-50 b,1.437,1.138,1.9550959
2269,WASP-52 b,0.46,1.27,1.7497798
2270,WASP-53 b,2.132,1.074,3.3098443
2271,WASP-54 b,0.6,1.4,3.7
2272,WASP-55 b,0.57,1.33,4.46563
2273,WASP-56 b,0.6,1.2,4.6
2274,WASP-57 b,0.8,1.1,2.8
2275,WASP-58 b,0.89,1.37,5.01718
2276,WASP-59 b,0.863,0.775,7.919585
2277,WASP-6 b,0.503,1.224,3.361006
2278,WASP-60 b,0.5,0.9,4.3
2279,WASP-61 b,2.06,1.24,3.8559
2280,WASP-62 b,0.57,1.39,4.411953
2281,WASP-63 b,0.38,1.43,4.37809
2282,WASP-64 b,1.2,0.7,1.6
2283,WASP-65 b,1.55,1.112,2.3114243
2284,WASP-66 b,2.32,1.39,4.086052
2285,WASP-67 b,0.42,1.4,4.61442
2286,WASP-68 b,0.95,1.24,5.084298
2287,WASP-69 b,0.26,1.057,3.8681382
2288,WASP-7 b,0.96,1.33,4.9546416
2289,WASP-70 A b,0.59,1.164,3.7130203
2290,WASP-71 b,2.258,1.5,2.9036747
2291,WASP-72 b,1.461,1.27,2.2167421
2292,WASP-73 b,1.88,1.16,4.08722
2293,WASP-74 b,0.826,1.248,2.13775138
2294,WASP-75 b,1.07,1.27,2.484193
2295,WASP-76 b,0.92,1.83,1.809886
2296,WASP-77 A b,1.76,1.21,1.3600309
2297,WASP-78 b,0.89,1.7,2.17517656
2298,WASP-79 b,0.9,1.7,3.6623817
2299,WASP-8 b,2.244,1.038,8.158715
2300,WASP-80 b,0.554,0.952,3.0678504
2301,WASP-81 b,0.729,1.429,2.7164762
2302,WASP-82 b,1.24,1.67,2.705782
2303,WASP-83 b,0.3,1.04,4.071252
2304,WASP-84 b,0.694,0.942,8.5234865
2305,WASP-85 A b,1.265,1.24,2.6556777
2306,WASP-87 A b,2.18,1.385,1.682795
2307,WASP-88 b,0.56,1.7,4.954
2308,WASP-89 b,5.9,1.04,3.3564227
2309,WASP-90 b,0.63,1.63,3.916243
2310,WASP-91 b,1.34,1.03,2.798581
2311,WASP-92 b,0.805,1.461,2.1746742
2312,WASP-93 b,1.47,1.597,2.7325321
2313,WASP-94 A b,0.452,1.72,3.9501907
2314,WASP-94 B b,0.618,,2.00839
2315,WASP-95 b,1.206,1.098,2.1846656
2316,WASP-96 b,0.48,1.2,3.4252602
2317,WASP-97 b,1.32,1.13,2.07276
2318,WASP-98 b,0.83,1.1,2.96264
2319,WASP-99 b,2.78,1.1,5.75251
2320,WD 0806-661 B b,8.0,,
2321,WD 1145+017 b,2.1e-06,,0.1875
2322,WISE 0855-0714,6.0,,
2323,WISE 1828+2650,10.25,,
2324,WISE J1355-8258 b,9.0,,
2325,WISE J2216+1952,5.0,1.32,
2326,WISEA J083011.95+283716.0,8.5,,
2327,WTS-1 b,4.01,1.49,3.352059
2328,WTS-2 b,1.12,1.3,1.0187074
2329,Wendelstein-1 b,0.59,1.0,2.663416
2330,Wendelstein-2 b,0.73,1.0,1.7522239
2331,Wolf 1061 b,0.00601,,4.8869
2332,Wolf 1061 c,0.0107,,17.8719
2333,Wolf 1061 d,0.0242,,217.21
2334,Wolf 359 b,0.1381,,2938.0
2335,Wolf 359 c,0.012,,2.68687
2336,XO-1 b,0.9,1.184,3.9415128
2337,XO-2N b,0.62,0.973,2.615838
2338,XO-2S b,0.259,,18.157
2339,XO-2S c,1.37,,120.8
2340,XO-3 b,11.79,1.217,3.1915239
2341,XO-4 b,1.615,1.317,4.12473
2342,XO-5 b,1.077,1.03,4.1877537
2343,XO-6 b,1.9,2.07,3.7650007
2344,XO-7 b,0.709,1.373,2.8641424
2345,YBP1194 b,0.34,,6.958
2346,YBP1514 b,0.4,,5.118
2347,YBP401 b,0.46,,4.087
2348,YSES 2 b,6.3,,
2349,YZ Cet b,0.0022,,2.02087
2350,YZ Cet c,0.00359,,3.05989
2351,YZ Cet d,0.00343,,4.65626
2352,alf Ari b,1.8,,380.8
2353,b Cen b,10.9,,1800000.0
2354,beta Cnc b,7.8,,605.2
2355,beta Pic b,11.9,1.65,7707.0
2356,beta Pic c,8.5,1.2,1227.0
2357,beta Umi b,6.1,,522.3
2358,eps CrB b,6.7,,417.9
2359,eps Eridani b,0.77,,2671.0
2360,eps Ind A b,3.25,,16509.0
2361,eps Tau b,7.34,,594.9
2362,eta Cet b,2.55,,403.5
2363,eta Cet c,3.32,,751.9
2364,gam Psc b,1.34,,555.1
2365,gamma 1 Leo b,8.78,,428.5
2366,gamma Cephei b,1.742,,905.64
2367,gamma Lib b,1.029,,415.2
2368,gamma Lib c,4.63,,964.6
2369,kappa CrB b,1.6,,1251.0
2370,ksi Aql b,2.02,,136.75
2371,mu Ara b,1.676,,643.25
2372,mu Ara c,0.03321,,9.6386
2373,mu Ara d,0.5219,,310.55
2374,mu Ara e,1.814,,4205.8
2375,mu Leo b,2.4,,357.8
2376,ome Ser b,1.7,,277.02
2377,omi CrB b,1.5,,187.3
2378,omi UMa A b,4.1,,1630.0
2379,pi Men b,9.82,,2088.33
2380,pi Men c,0.01142,0.16719,6.267852
2381,pi Men d,0.0421,,124.64
2382,sig Per b,6.5,,579.8
2383,tau Boo A b,4.13,1.06,3.31249
2384,tau Cet e,0.0124,,162.87
2385,tau Cet f,0.0124,,636.13
2386,tau Cet g,0.00551,,20.0
2387,tau Cet h,0.00576,,49.41
2388,ups And b,0.62,,4.61711
2389,ups And c,1.8,,240.937
2390,ups And d,10.19,,1281.439
2391,ups And e,1.059,,3848.86
2392,ups Leo b,0.51,,385.2
