solution_id,ra,dec,parallax,pm,pmra,pmdec,phot_g_mean_flux,phot_g_mean_mag,phot_bp_mean_flux,phot_bp_mean_mag,phot_rp_mean_flux,phot_rp_mean_mag,bp_rp,bp_g,g_rp,radial_velocity,phot_variable_flag,l,b,non_single_star,has_rvs,teff_gspphot,logg_gspphot
1636148068921376768,66.09326952772372,17.07883604085962,19.95899563246898,103.38841,99.88705024230197,-26.678483809607272,3.40861840022986E7,6.855921,2.022271764972747E7,7.0739436,2.0231441198432785E7,6.4828286,0.591115,0.21802282,0.37309217,38.614384,"NOT_AVAILABLE",178.6366477840115,-22.04257691136404,0,true,6431.202,4.1848
1636148068921376768,69.02238770364617,15.683897520258279,19.993054066507124,98.37721,95.39931453844356,-24.021810990797796,4147892.267792444,9.142798,2022179.8087812448,9.573993,3025878.9135008813,8.545767,1.0282259,0.4311943,0.5970316,40.675766,"VARIABLE",181.6936975639984,-20.723453936653332,0,true,5101.92,4.519
1636148068921376768,67.80201539742441,17.161322981312146,20.008532547772884,109.06181,64.47501924930121,-87.9627810550844,7654.170210881513,15.977622,673.9040107019425,18.267048,11368.13237949665,14.608673,3.6583748,2.2894258,1.3689489,,"NOT_AVAILABLE",179.67834757699688,-20.726228944542058,0,false,,
1636148068921376768,67.6415947161492,14.747976746494444,20.132587476239593,98.55744,97.18962516286848,-16.36292548313833,63784.99036605226,13.6755705,14132.879224354128,14.962966,100025.18377633572,12.2476225,2.7153435,1.2873955,1.427948,37.088493,"NOT_AVAILABLE",181.60538715012984,-22.3496157430487,0,false,,
1636148068921376768,67.33120355610757,17.605598648750995,20.17387733724134,120.74414,81.00291320221233,-89.54146920397312,7736.151056690167,15.966055,668.2766276737126,18.276152,11691.868280391836,14.578186,3.6979656,2.3100967,1.3878689,,"NOT_AVAILABLE",179.0066778926505,-20.795530496414226,0,false,,
1636148068921376768,67.87268564180225,13.903399057854472,20.27674708776159,86.82244,86.6072874406941,-6.108541034740216,1.6507054994527712E7,7.643193,9387265.100536624,7.9071946,1.0356578832875837E7,7.2098546,0.69734,0.26400185,0.43333817,39.377365,"NOT_AVAILABLE",182.47524088035104,-22.69284983075457,3,true,6053.044,4.3125
1636148068921376768,64.3677423441332,14.900983314066778,20.282956302607193,107.2537,105.84047506258158,-17.3536926911853,93858.32709063742,13.256185,18394.500798419693,14.676823,116409.98022924579,12.08292,2.5939026,1.4206381,1.1732645,,"NOT_AVAILABLE",179.30116875748055,-24.711314378037425,0,false,,
1636148068921376768,68.55438320400094,15.181892311194385,20.302162871750077,127.96837,33.234610208009585,-123.5773588999945,14573.072040953211,15.278489,2383.7275486449116,16.895401,18899.0052252573,14.056798,2.838603,1.6169119,1.2216911,34.846172,"NOT_AVAILABLE",181.82223113733906,-21.38763557524349,0,false,,
1636148068921376768,65.73422490902678,17.542390757517502,20.30919733178576,109.76267,106.21194808573482,-27.692344422611363,7.388039020904382E8,3.516044,3.2361939916844434E8,4.063456,5.606720707321498E8,2.8761232,1.1873329,0.54741216,0.6399207,,"NOT_AVAILABLE",178.01583278659234,-22.008305642633665,0,false,,
1636148068921376768,67.79637749253605,16.39576252180493,20.316503143723228,101.84244,98.79967538236876,-24.70843360310259,57329.115459495515,13.791429,10018.031643080712,15.336586,73540.8668559905,12.5815735,2.7550125,1.5451574,1.2098551,33.74537,"NOT_AVAILABLE",180.3143512482455,-21.209355999048025,0,false,,
1636148068921376768,65.39669553192954,14.695153868168017,20.326692831232425,108.3091,106.49657261059144,-19.73171837672036,36596.30565847944,14.278773,5899.0632624848695,15.911585,47818.00443959777,13.048917,2.862668,1.6328115,1.2298565,39.039967,"NOT_AVAILABLE",180.17183151644426,-24.07625370134987,0,false,3005.0017,4.2916
1636148068921376768,66.89982826692787,15.588278972732542,20.350619191679996,107.21834,101.89392939555249,-33.36764773349423,12468.628316589331,15.44782,,,,,,,,,"NOT_AVAILABLE",180.41232074466708,-22.386865834141474,0,false,,
1636148068921376768,66.94644176768678,14.417664583381967,20.352565293817054,102.36692,100.55014107182478,-19.20040671441904,3868846.2849226436,9.218413,1831965.048951876,9.68125,2898859.8913078816,8.592327,1.0889225,0.46283627,0.62608624,,"VARIABLE",181.43446300849763,-23.082316352777603,0,false,4969.003,4.5135
1636148068921376768,66.85605547720428,14.260578556388577,20.42227991360521,104.38371,102.45836199187342,-19.956020786554035,1838631.065110011,10.026131,769605.9051107421,10.622871,1521646.0579272984,9.292111,1.33076,0.5967407,0.7340193,39.3912,"NOT_AVAILABLE",181.50916741456345,-23.24853157139869,0,true,,
1636148068921376768,66.11822759101871,15.88417682534391,20.427173906644025,101.84018,97.93689390469106,-27.924670732472297,57999.683989353616,13.778803,10962.749125101085,15.238744,81933.71193469106,12.464239,2.7745047,1.4599409,1.3145638,37.549454,"NOT_AVAILABLE",179.6499440112112,-22.784404579528534,0,true,,
1636148068921376768,65.23411332349541,14.859496095395018,20.600621399663094,112.09121,110.08201071512241,-21.127957778586953,16748.52833480902,15.127425,2187.263889939836,16.988789,23041.674898053167,13.84161,3.1471786,1.8613634,1.2858152,38.916958,"NOT_AVAILABLE",179.92343729265437,-24.093495257470394,0,false,3068.235,4.9841
1636148068921376768,68.40865079618047,16.762386244728727,20.61556113871976,101.26,97.99880517969228,-25.49159863900907,4094067.025832373,9.15698,1971611.4177404896,9.601489,3018365.8629497634,8.548466,1.0530233,0.4445095,0.60851383,40.428852,"VARIABLE",180.39834701082287,-20.521891228114036,0,false,5032.8716,4.5174
1636148068921376768,68.49438499286096,15.16352719505778,20.64126832294862,112.99653,108.03672531476836,-33.11013701066008,9134408.59468979,8.2856655,4524205.949463808,8.699686,6751172.033581188,7.6744475,1.0252385,0.41402054,0.611218,40.226048,"NOT_AVAILABLE",181.79962125726064,-21.444621712068436,0,false,5125.9937,4.2316
1636148068921376768,66.20070596676636,15.874649203665436,20.678332758167166,101.09182,100.34452068045356,-12.269188261040469,556233.3505016553,11.324224,248667.51494786568,11.849495,848263.7455586442,9.926568,1.9229269,0.52527046,1.3976564,38.570206,"NOT_AVAILABLE",179.71243071909345,-22.72905269545068,0,false,,
1636148068921376768,65.39545704764056,14.409703887220196,20.67979693450329,105.944626,104.19978440400169,-19.148581742579594,4.735185117645949E7,6.4990244,2.8611435590010963E7,6.697193,2.753052384593392E7,6.1483593,0.54883385,0.19816875,0.3506651,39.559837,"NOT_AVAILABLE",180.41325121426536,-24.257825860442377,0,true,6618.983,4.1257
1636148068921376768,65.75678797400016,15.228121233684698,20.706527940234576,109.18311,107.43366431136246,-19.466892830338374,16486.203576566757,15.144566,2262.083494358058,16.95227,22454.93883598536,13.869616,3.082655,1.8077049,1.27495,,"NOT_AVAILABLE",179.96199416231303,-23.46945802681805,0,false,3084.465,5.0129
1636148068921376768,67.16468609875307,16.969906003224942,20.707493378225784,106.00871,102.49011854574022,-27.085463501451116,44996.904437944,14.05441,36006.5424021693,13.947589,15289.707447136803,14.286898,-0.33930874,-0.10682106,-0.23248768,,"NOT_AVAILABLE",179.42721955758756,-21.320281269041338,0,false,,
1636148068921376768,64.55462493665708,16.098024004388698,20.725496302360657,109.89051,107.26148559430219,-23.893462096674515,23706.48521876736,14.750199,3282.730762708656,16.547955,32340.74681730214,13.47352,3.0744343,1.7977552,1.276679,38.49645,"NOT_AVAILABLE",178.4238695167367,-23.80268405930593,0,false,,
1636148068921376768,67.09389131915107,13.822676224049486,20.771811493570556,106.874886,105.07476082538018,-19.53295525173183,20814.814640639797,14.891436,2700.010341436036,16.760128,28974.398817452875,13.592859,3.1672688,1.8686924,1.2985764,,"VARIABLE",182.03905608520085,-23.33864106788026,0,false,,
1636148068921376768,65.85493019594335,16.777147465731876,20.79504603398395,110.14403,106.9709172238661,-26.247469207012436,1.110084049201836E8,5.573977,7.060848789708887E7,5.7164,5.925856326465766E7,5.3160176,0.40038252,0.14242315,0.25795937,25.842978,"NOT_AVAILABLE",178.7298041249829,-22.41077412379825,0,false,7212.4966,4.0108
1636148068921376768,66.52007676867467,15.041285019426095,20.8390589991997,104.11404,101.60630054880183,-22.713261700965166,486139.7212219205,11.470464,149366.81990719907,12.402906,504266.1368575993,10.491246,1.9116602,0.93244267,0.9792175,39.5998,"NOT_AVAILABLE",180.62526748041094,-23.015165175607983,0,true,,
1636148068921376768,64.83451345915711,14.316347980068391,20.850920231259277,109.38704,107.93602845660209,-17.7577790655432,303902.96842784574,11.98053,82512.38441826968,13.047244,329046.3236297754,10.954753,2.0924911,1.0667143,1.0257769,38.881653,"NOT_AVAILABLE",180.11401775112665,-24.737268782306728,0,true,,
1636148068921376768,66.05246947657736,14.758157583423541,20.85619771465096,110.92176,110.22626713190958,-12.401878513086965,1.915402553999779E7,7.4817166,1.0978585192886978E7,7.7371764,1.3180068344153902E7,6.9481015,0.7890749,0.2554598,0.5336151,41.09817,"NOT_AVAILABLE",180.5560839011841,-23.544619622993647,0,true,5729.8994,4.2377
1636148068921376768,67.01894114867126,13.867854184261594,20.875610368866436,104.01718,102.26882886369417,-18.99106792317413,5483873.502633234,8.839648,2729873.1334708277,9.248186,3943758.557405902,8.25812,0.9900665,0.40853786,0.58152866,40.044514,"NOT_AVAILABLE",181.95138438374903,-23.367938424935332,0,true,5287.5986,4.4909
1636148068921376768,67.21223971187007,16.288355807011353,20.898134172767946,111.94531,109.99610818061524,-20.799253009149773,22461.60612676187,14.808764,,,,,,,,,"NOT_AVAILABLE",180.02740499167385,-21.713760170542955,0,false,,
1636148068921376768,67.12038862642493,17.695791947186837,20.91843408231149,118.08237,109.48695047352118,-44.22729129657963,538013.1242949485,11.360385,137811.75359259936,12.490327,626758.7224516721,10.255144,2.2351828,1.1299419,1.1052408,32.13177,"NOT_AVAILABLE",178.7958704890246,-20.8939121525169,0,false,,
1636148068921376768,66.52038510826976,15.04079479058062,20.937514048406058,104.61259,101.4019876777807,-25.71827628057673,23001.94520488751,14.782955,,,,,,,,,"NOT_AVAILABLE",180.6258852431496,-23.01524067909073,0,false,,
1636148068921376768,67.96612153925633,15.851471350184573,21.00505488455235,105.25174,99.4956310598399,-34.32999088297088,8.005639966523321E7,5.928877,4.985934466237905E7,6.094176,4.4418406190655835E7,5.6289883,0.46518755,0.16529894,0.2998886,39.70209,"NOT_AVAILABLE",180.88062168462412,-21.420425504816617,0,false,6920.8877,4.0409
1636148068921376768,67.01839738870764,13.868048854275552,21.02113488986537,101.70883,100.60360410082912,-14.953317279596014,190445.05552229765,12.487943,,,,,,,,,"NOT_AVAILABLE",181.95086213572506,-23.368232958818776,0,false,,
1636148068921376768,65.68440170253284,15.056327740576604,21.026355477142264,104.52974,100.34236674943136,-29.289519804074057,8475853.067180939,8.366908,1.2157281389773495E7,7.626451,1.3648040848791424E7,6.9102197,0.71623135,-0.74045706,1.4566884,,"NOT_AVAILABLE",180.05876505538626,-23.632325193106205,0,false,,
1636148068921376768,67.81866462842426,15.00322280399349,21.05318989100504,103.16384,101.15523679833852,-20.258241111458684,6896.045348646298,16.090866,668.5152301069134,18.275764,10142.969123764842,14.732483,3.5432816,2.1848984,1.3583832,,"NOT_AVAILABLE",181.50287831725453,-22.057330893268592,0,false,,
1636148068921376768,64.22748221254695,16.356806031614795,21.063924177565333,118.0858,115.22802477350784,-25.821652377388492,99756.89532828909,13.190009,19979.73155844699,14.587069,122447.89332521842,12.028017,2.5590515,1.3970594,1.1619921,37.970898,"NOT_AVAILABLE",177.98588091991158,-23.87433581466256,0,true,,
1636148068921376768,68.66689038204488,15.208964911975178,21.07507415226267,109.21065,103.15688773254992,-35.85557174837498,451824.66007830075,11.549942,127013.11715069319,12.57892,505951.328041537,10.487623,2.0912971,1.0289783,1.0623188,42.245457,"NOT_AVAILABLE",181.87077173809723,-21.28527890157207,0,true,,
1636148068921376768,68.0336649745617,17.6643440638911,21.07527631220369,104.48503,99.88685030851735,-30.655151239656295,48207.441713459586,13.979582,8366.733023861249,15.532152,66254.66297711039,12.694855,2.8372974,1.5525703,1.2847271,35.646614,"NOT_AVAILABLE",179.4081670168627,-20.238553979221702,0,false,,
1636148068921376768,66.3729376285106,17.927768735352878,21.086509524006694,111.70367,107.31597291846634,-30.999864147519936,3.6031463763807607E8,4.295662,2.556528982040404E8,4.3194156,1.604957343677327E8,4.2342367,0.08517885,0.023753643,0.06142521,39.047356,"NOT_AVAILABLE",178.11817888311813,-21.294467541053464,0,false,,
1636148068921376768,65.15179237979066,15.095358731795551,21.089906328443735,110.490486,108.44328858667495,-21.170759592437236,1.5637787289656568E8,5.2019286,1.0195056113393319E8,5.3175683,7.91633170943097E7,5.0015855,0.31598282,0.11563969,0.20034313,40.06487,"NOT_AVAILABLE",179.66877277083157,-24.00477226639544,0,false,7562.439,3.9674
1636148068921376768,67.51380640413643,14.903572814981922,21.091518884547874,40.892624,-18.6839859974469,-36.3746533095047,397156.81104491564,11.689961,122577.28881133051,12.617517,403227.38790812035,10.73402,1.8834972,0.92755604,0.9559412,-21.631842,"VARIABLE",181.39057927079608,-22.350367776292874,0,false,,
1636148068921376768,65.22015770420096,13.864370841354328,21.09351261138683,107.59944,106.88260714504528,-12.399521780388248,7.173709667953369E7,6.0480075,4.244329582700583E7,6.2690196,4.269574162117652E7,5.671934,0.5970855,0.22101212,0.37607336,,"NOT_AVAILABLE",180.75995143918865,-24.73400762286722,0,false,6434.3804,3.9475
1636148068921376768,66.40598637273915,15.940907539697319,21.10764322783181,106.18896,102.95013743101791,-26.026211677014196,5.47393719721951E7,6.341617,3.214180765598899E7,6.5708666,3.377132327462994E7,5.926525,0.64434147,0.22924948,0.415092,,"NOT_AVAILABLE",179.79211784722816,-22.534233098097456,0,false,6228.145,4.1163
1636148068921376768,64.4656126372456,15.227063447450588,21.125368661812228,111.810974,109.65233201547665,-21.86460130676811,38694.21784369919,14.218251,6164.742253666121,15.863755,50844.58376066707,12.982284,2.8814716,1.645504,1.2359676,38.773235,"NOT_AVAILABLE",179.0930979325972,-24.429442342710626,0,false,,
1636148068921376768,65.84974595899124,14.427849817287893,21.16004577091608,112.93881,110.94351874539676,-21.135525821762922,72036.04395406708,13.543492,11135.854004402661,15.221733,95684.85810943141,12.295788,2.9259453,1.6782408,1.2477045,38.10392,"NOT_AVAILABLE",180.7017307205916,-23.904914192938516,1,true,,
1636148068921376768,65.68458418346766,15.056034383369543,21.18773295114552,115.1014,114.26697815985807,-13.83439728546639,2.627630400182881E7,7.1384563,1.8191988986001644E7,7.188842,2.1229500504142817E7,6.4305463,0.75829554,0.050385475,0.70791006,,"NOT_AVAILABLE",180.05913469498924,-23.63237452336553,0,false,5899.541,4.1055
1636148068921376768,66.57982992496277,17.05047474838996,21.204050746536424,105.6978,101.85154123967045,-28.253993605040456,5489.836651709742,16.338469,521.2280867345663,18.545973,8158.214400728574,14.968907,3.5770655,2.2075043,1.3695612,,"NOT_AVAILABLE",178.97958499133802,-21.70217219829861,0,false,,
1636148068921376768,66.31936239676666,16.3022336834695,21.250239265348167,111.5834,108.55029876049758,-25.83963038411747,18857.632045268776,14.998649,2638.3561573923175,16.785208,25597.49415849827,13.727402,3.057806,1.7865591,1.2712469,37.492264,"VARIABLE",179.4324623284737,-22.369926934832122,0,false,,
1636148068921376768,66.90003194033417,15.589085472787543,21.284016509945314,107.85219,105.16744918201684,-23.914466137534937,2.286927525473201E7,7.289236,1.3032352013434784E7,7.5509853,1.4274254138352651E7,6.8615117,0.6894736,0.26174927,0.42772436,39.240513,"NOT_AVAILABLE",180.41177419490535,-22.386207395515967,0,true,6069.8384,4.2261
1636148068921376768,67.53644292906253,15.638138535832299,21.33769931920589,107.030396,102.35615515978775,-31.284551584279907,1.2512476059579903E7,7.944009,,,,,,,,,"NOT_AVAILABLE",180.78382923787348,-21.87698474340547,0,false,,
1636148068921376768,68.24817726690902,15.818854771000632,21.35731378098158,103.55771,100.37574321605689,-25.473691498986692,7668399.672412407,8.475605,3966682.5103526376,8.842474,5296013.697306244,7.9380226,0.9044514,0.36686897,0.5375824,40.729515,"VARIABLE",181.08857129841567,-21.227627771585727,0,true,5531.1387,4.4374
1636148068921376768,67.51789320736421,16.06860426033561,21.387746214507576,110.05449,94.67902202409914,-56.10590490928818,4507.91597703196,16.552427,375.4469339601548,18.90217,6910.582225137473,15.149109,3.7530613,2.349743,1.4033184,,"VARIABLE",180.4095556451877,-21.62247892892491,0,false,,
1636148068921376768,66.5869485853136,15.618207900194715,21.3957803576917,89.91668,87.43530172194305,-20.978016384764466,3.254471425102757E8,4.4061656,2.065016111661597E8,4.551234,1.6979219857559383E8,4.173101,0.37813282,0.14506817,0.23306465,,"NOT_AVAILABLE",180.18225967449226,-22.602566472245428,0,false,7390.374,3.5076
1636148068921376768,66.46067898955343,15.002464972130216,21.39808326312012,109.415794,107.05284803871862,-22.616431639961323,23720.797512241297,14.749543,3390.6137975131073,16.512846,31961.122442398468,13.4863405,3.0265055,1.7633028,1.2632027,38.505806,"NOT_AVAILABLE",180.61901683608306,-23.084194149714982,0,false,,
1636148068921376768,67.53632737172786,15.637736095425185,21.420137280794197,111.04524,108.88056712014205,-21.81897870414946,1.0781514618705024E8,5.6056676,7.098536543941307E7,5.71062,6.2226513306414545E7,5.2629566,0.4476633,0.104952335,0.34271097,,"NOT_AVAILABLE",180.78409391834154,-21.877322400877357,0,false,7089.5527,3.9478
1636148068921376768,67.37695672528574,17.863022648846673,21.438554423234333,110.84728,106.1192327332723,-32.02855957789507,3.5982625083384044E7,6.797135,2.129027185412223E7,7.0180893,2.147530689211365E7,6.418047,0.60004234,0.22095442,0.37908792,39.4514,"NOT_AVAILABLE",178.82301991173418,-20.598936096586907,0,false,6400.57,4.1555
1636148068921376768,64.41279837486526,16.94772397450725,21.440406410424067,115.27066,112.78276806267964,-23.819577109751293,1.0762614467870606E7,8.107573,5425286.449362097,8.502485,7625070.321019021,7.542286,0.96019936,0.39491272,0.56528664,,"NOT_AVAILABLE",177.6218843955523,-23.355226505747257,3,false,5193.348,4.2823
1636148068921376768,66.35479242496689,17.91521008711174,21.447339313427232,114.0139,109.61815254023466,-31.353316361727813,1076769.2052197126,10.60706,389734.10613665084,11.361621,985005.2935745053,9.764299,1.5973215,0.7545605,0.84276104,38.723465,"VARIABLE",178.11666117768206,-21.315769957917535,0,true,,
1636148068921376768,67.30193646682095,15.273804206793624,21.451662078172305,105.64369,103.30019069611257,-22.12825385808798,450098.22531099303,11.554099,132587.87539490714,12.532283,468911.4002403202,10.5701685,1.9621143,0.97818375,0.9839306,38.85644,"VARIABLE",180.93959121555423,-22.280708792886784,0,false,,
1636148068921376768,65.88522390284595,14.67039844789645,21.47606756520902,110.7064,109.24196419712032,-17.947133876529186,5249013.667992617,8.887173,2575931.2330980953,9.311207,3801916.647958607,8.297889,1.0133181,0.42403412,0.58928394,39.379208,"VARIABLE",180.51935520126224,-23.725550547893505,0,true,5124.595,4.4959
1636148068921376768,68.48680175601453,16.86893699017762,21.48256636168679,105.92975,102.05202469721355,-28.39885970028468,59975.13498476219,13.742438,10420.445903948,15.293826,76913.83482801111,12.532885,2.7609415,1.5513878,1.2095537,41.20167,"NOT_AVAILABLE",180.3588224772931,-20.397078698557024,0,true,,
1636148068921376768,67.65616639413629,13.72431676410995,21.491451797641616,108.28961,106.56507793489249,-19.248993711890343,1.3763031107808656E8,5.3405814,8.843339520587113E7,5.4720016,7.20340064230611E7,5.1040516,0.36794996,0.13142014,0.23652983,43.57009,"NOT_AVAILABLE",182.48891684029232,-22.968747378259863,0,true,7370.909,3.9941
1636148068921376768,66.07110065917192,18.00278420332121,21.496896698223075,115.07555,110.9135626017914,-30.66859095747958,2599262.165889283,9.650242,1134815.3184713596,10.201229,2079413.547140331,8.953043,1.2481861,0.55098724,0.69719887,39.159958,"NOT_AVAILABLE",177.8585238929685,-21.466529454432266,0,false,,
1636148068921376768,67.20174925382867,17.285341899758865,21.5489076022758,112.34102,108.67985266985403,-28.446330982590844,1.5628717242265072E7,7.7025585,8599544.245881116,8.002354,1.0140110174325036E7,7.232789,0.7695646,0.29979515,0.46976948,39.081123,"VARIABLE",179.1888252970733,-21.093655346955142,0,false,5817.2256,4.2711
1636148068921376768,65.80253436758252,15.712784182546748,21.566208065928656,114.30034,112.2485024763629,-21.56015783535826,35351.74955932024,14.3163395,5190.235216269237,16.050575,47356.61410165731,13.059443,2.9911318,1.7342358,1.256896,36.35523,"NOT_AVAILABLE",179.5844979847358,-23.127943102999367,0,false,,
1636148068921376768,69.1701171674695,15.869204695827205,21.607898747664954,105.4749,99.90459107635893,-33.823473739301406,4.5826410911549985E7,6.5345774,2.7253684852936104E7,6.749979,2.711090849016338E7,6.1650352,0.5849438,0.21540165,0.36954212,42.65627,"NOT_AVAILABLE",181.63022794937075,-20.497577356661328,0,false,6472.4688,4.1327
1636148068921376768,67.24447935353105,15.293582760173448,21.611592846809046,137.59071,81.87136268005302,-110.58156824428232,4657.20498709127,16.517054,416.62017415233566,18.789192,6951.3699929863005,15.142719,3.646473,2.2721386,1.3743343,,"NOT_AVAILABLE",180.88555185741964,-22.311744459910894,0,false,,
1636148068921376768,66.02452121402943,17.443985101312077,21.61924104437301,115.34452,110.58004635581656,-32.8087266938356,2.3583296297986186E8,4.7558556,1.5796105348658273E8,4.8421674,1.1329072302072556E8,4.6124096,0.22975779,0.08631182,0.14344597,40.669956,"NOT_AVAILABLE",178.28885600637386,-21.859308316872877,0,false,,
1636148068921376768,67.25111621738195,16.346213879024717,21.632519360189345,108.59872,105.1068878388032,-27.317100539736167,110953.01376425993,13.074519,20918.84615065462,14.537198,138793.19905015882,11.891975,2.6452227,1.4626789,1.1825438,30.467758,"NOT_AVAILABLE",180.0041371056463,-21.648398605817082,0,true,,
1636148068921376768,68.4626315976831,14.844319676275646,21.635396574818312,105.93711,103.08256504033994,-24.426545849169408,2.718454716465544E8,4.6015615,1.7760722974051774E8,4.7148905,1.4191015907022464E8,4.3678617,0.34702873,0.11332893,0.2336998,,"NOT_AVAILABLE",182.0504367607323,-21.664659994786195,1,false,7366.9365,3.6961
1636148068921376768,66.02741879597104,17.4442235658507,21.645976040714597,110.19571,107.84832747952227,-22.623735252801957,27650.95695646863,14.583092,6414.382581625682,15.820655,40744.451634376695,13.222724,2.597931,1.2375631,1.3603678,,"NOT_AVAILABLE",178.29056811236183,-21.857033815598097,0,false,,
1636148068921376768,64.94888616843296,15.627538192852759,21.664548744839898,118.57247,116.24694786142689,-23.368325290143204,8.20057132262287E8,3.4027567,3.516539876972728E8,3.9732533,6.192156229006656E8,2.7682908,1.2049625,0.57049656,0.63446593,,"NOT_AVAILABLE",179.08424631004542,-23.815162546709793,0,false,4831.808,2.3701
1636148068921376768,66.77717673131863,16.430092002554506,21.66732573514696,110.41478,107.56779251043267,-24.91171284914873,4588.595168001189,16.533167,386.3937683603427,18.870968,6937.588869235392,15.144875,3.7260933,2.337801,1.3882923,,"NOT_AVAILABLE",179.6256684097536,-21.948877426483072,0,false,,
1636148068921376768,68.64759095859309,15.504503855092008,21.668969928652356,104.46282,100.96281435030956,-26.81401752868006,1.4520461762554642E7,7.782416,7934037.046757926,8.089807,9497949.733899364,7.3038206,0.78598595,0.3073907,0.47859526,40.2372,"VARIABLE",181.60824788300994,-21.118590121330854,0,true,5757.3096,4.2824
1636148068921376768,68.86895204897276,15.399151275857333,21.717186315251215,104.100075,98.40024767636913,-33.97375567713968,29692.73887435656,14.505741,3988.822068261474,16.336432,41445.77836937461,13.204195,3.1322365,1.8306904,1.3015461,,"NOT_AVAILABLE",181.83766717515135,-21.014719965963806,0,false,,
1636148068921376768,64.97907765724916,16.522417532947376,21.725333783131415,110.97575,106.06273081506647,-32.65447460692883,2.92530870463108E7,7.0219374,2.1460144254138246E7,7.0094604,2.3931271917850625E7,6.300481,0.7089796,-0.012476921,0.7214565,,"NOT_AVAILABLE",178.35707407305938,-23.21761299541136,0,false,,
1636148068921376768,65.99690955661914,16.721465710411213,21.74597706160512,111.45272,108.74205842614374,-24.43100030064956,381641.32222372334,11.733229,106995.58846709639,12.765127,410565.99247805506,10.714438,2.0506887,1.0318985,1.0187902,38.483906,"NOT_AVAILABLE",178.87005869823832,-22.34175283317936,0,false,,
1636148068921376768,66.77789108447449,16.429579986614307,21.7524975456685,111.91956,108.78997030370749,-26.28176339967887,4295.3173449483875,16.60488,352.23820838079797,18.97145,6600.015232713612,15.199033,3.772418,2.3665714,1.4058466,,"NOT_AVAILABLE",179.6265629106275,-21.948669360374755,0,false,,
1636148068921376768,66.11855100326646,16.886053964801455,21.781982400489085,115.24168,112.37591155236862,-25.540146749299083,1.6109920409797432E7,7.6696334,8919389.335258571,7.962704,1.0539374629833259E7,7.1908584,0.7718458,0.2930708,0.47877502,37.58888,"VARIABLE",178.81343289609683,-22.14706766440818,0,false,5805.549,4.3294
1636148068921376768,67.16608051054888,15.870784455320392,21.81251596251546,108.07029,106.14776250704207,-20.293824952737538,8.390418192587548E8,3.3779078,5.075734838224034E8,3.574795,4.255702837373026E8,3.1754673,0.39932775,0.19688725,0.2024405,,"NOT_AVAILABLE",180.34795496694395,-22.010119340538026,0,false,,
1636148068921376768,66.81983230907242,17.241711375171782,21.81444620546993,112.05623,107.51215513083208,-31.586936720187342,263207.961419258,12.13662,66564.67810322304,13.280433,296027.39275615115,11.069566,2.210867,1.1438131,1.0670538,39.706654,"VARIABLE",178.97729093316732,-21.403572609502877,0,false,,
1636148068921376768,67.37958519537817,16.244692315734465,21.81806190139089,106.567375,104.46346593636034,-21.071062521463688,2004404.3333615917,9.932404,820210.9815285789,10.553728,1685573.4614254392,9.181026,1.3727016,0.62132454,0.7513771,39.473557,"VARIABLE",180.17238840481787,-21.61599264096997,0,true,4465.7754,4.5641
1636148068921376768,66.6676726168485,16.74677258632566,21.852128841107575,112.001755,107.47186617521814,-31.53080384333542,1.2435793099029351E7,7.950683,6677528.811485086,8.277002,8245135.40346255,7.457401,0.81960154,0.32631922,0.49328232,38.12629,"VARIABLE",179.2897764353929,-21.829887821819796,0,true,5659.077,4.3313
1636148068921376768,67.66251575060892,15.691769659062853,21.86843191355519,106.31518,103.48821587457377,-24.353763331160515,1.2820702573323855E8,5.4175873,8.353375671036592E7,5.5338874,6.565354571990782E7,5.20475,0.32913733,0.116300106,0.21283722,39.83224,"NOT_AVAILABLE",180.81998249685572,-21.748589806849246,0,false,7509.505,4.0422
1636148068921376768,67.96911967367434,15.49937349658422,21.871807832755163,108.11744,105.36486514556807,-24.24098903749085,1190459.7097644538,10.49808,437009.5371744313,11.237315,1080025.6450493708,9.66431,1.5730047,0.7392349,0.8337698,40.41906,"VARIABLE",181.1795747622053,-21.63639666445984,0,true,,
1636148068921376768,67.12085643340095,17.695913779971516,21.900849300814187,108.16768,106.32425148690285,-19.884672335302955,96344.00872069148,13.227805,,,,,,,,39.803406,"NOT_AVAILABLE",178.79607215189944,-20.893490286036908,0,false,,
1636148068921376768,67.49102855410932,16.67271469531208,21.918833298371936,110.45465,106.76090585888045,-28.325579500310205,5386058.375487586,8.859189,2636612.0383277307,9.285927,3914421.601369633,8.266227,1.0197,0.4267378,0.59296227,,"VARIABLE",179.88607200681778,-21.26442164826846,0,false,5115.039,4.498
1636148068921376768,67.93658293586253,15.630149907181586,21.928109289904448,109.68564,104.99937028732845,-31.718638053931382,79475.88464096711,13.436778,14646.109763828987,14.924236,102411.84898743404,12.22202,2.7022161,1.4874582,1.2147579,40.46022,"NOT_AVAILABLE",181.04826700065612,-21.579992992906863,0,true,3070.4915,4.211
1636148068921376768,67.9373303656096,15.629243097689292,21.9411429349474,106.25577,103.60681970600949,-23.577862998495746,584512.9045718506,11.270382,176342.13709952406,12.222652,597380.2743601329,10.307268,1.9153843,0.9522705,0.9631138,39.976845,"NOT_AVAILABLE",181.04951202560775,-21.579990223540452,0,false,,
1636148068921376768,68.4696324759209,14.850761740625991,21.94460899596352,105.01161,101.81615258036001,-25.70815437780425,15730.404327314716,15.195518,2127.2107652815957,17.019016,21950.581966801623,13.89428,3.1247358,1.8234987,1.3012371,35.684227,"NOT_AVAILABLE",182.04942188600887,-21.655364590458493,0,false,,
1636148068921376768,68.20929931916466,16.00568312875324,21.986514300716408,105.280365,101.05427327696728,-29.529461832054025,6074734.765262779,8.728549,3044470.4056733996,9.129763,4804780.016556622,8.043712,1.086051,0.40121365,0.68483734,,"NOT_AVAILABLE",180.90638344389143,-21.14134392463245,0,false,,
1636148068921376768,66.13187780097878,13.928549141036688,21.993423194312864,114.53426,113.07056240121685,-18.252254939822112,17468.054750952524,15.081756,2352.8937975196386,16.909536,23892.12673487872,13.8022585,3.1072779,1.8277807,1.2794971,41.76742,"NOT_AVAILABLE",181.3150460650429,-24.004801649692563,0,false,3073.0647,5.017
1636148068921376768,67.38219601870492,17.89303687476587,22.00647700341757,112.585655,107.65175197214356,-32.96408044400983,6006984.987452108,8.7407255,2993013.9928114805,9.148271,4297266.678412755,8.164915,0.9833555,0.4075451,0.57581043,39.725494,"NOT_AVAILABLE",178.80156991479384,-20.57607771177727,0,true,5228.7754,4.4817
1636148068921376768,65.51518023603637,14.077103275227195,22.026938316127616,115.75498,113.77447283192949,-21.32101663168436,1.0405155531408165E8,5.6442456,6.54845612128187E7,5.798195,5.631234223265405E7,5.3713865,0.42680836,0.15394926,0.2728591,56.082287,"NOT_AVAILABLE",180.77675809904184,-24.377656097080262,0,false,7206.3105,4.0213
